[2025-08-20 13:22:38,177] [INFO] refresh_health - Token received: KiGwjo7rocuCzx6TJGlZPJIIdA5NWobEwLaesnPLGBw6vbLts..., site: dev
[2025-08-20 13:26:11,967] [INFO] refresh_health - Token received: KiGwjo7rocuCzx6TJGlZPJIIdA5NWobEwLaesnPLGBw6vbLts..., site: dev
[2025-08-20 13:27:27,053] [INFO] refresh_health - Token received: KiGwjo7rocuCzx6TJGlZPJIIdA5NWobEwLaesnPLGBw6vbLts..., site: dev
[2025-08-20 13:27:30,151] [WARNING] refresh_health - Invalid OpenEMR token
[2025-08-20 13:35:59,731] [INFO] Token received: BHphEgX2UBeZ9hDnt4YRAXfKQVUgyq5TgeVIOEKyQm,phG2E..., site: dev
[2025-08-20 13:36:04,065] [INFO] Authenticating with AWS Cognito
[2025-08-20 13:36:06,973] [INFO] Cognito authentication successful
[2025-08-20 13:36:23,471] [INFO] Validating ID token
[2025-08-20 13:36:23,472] [INFO] Fetching JWKS from URL
[2025-08-20 13:36:24,667] [INFO] JWKS fetched and parsed successfully
[2025-08-20 13:36:24,787] [INFO] Token validated successfully
[2025-08-20 13:36:59,107] [INFO] Validating ID token
[2025-08-20 13:36:59,107] [INFO] Fetching JWKS from URL
[2025-08-20 13:37:00,175] [INFO] JWKS fetched and parsed successfully
[2025-08-20 13:37:00,177] [INFO] Token validated successfully
[2025-08-20 13:40:52,510] [INFO] Validating ID token
[2025-08-20 13:40:52,511] [INFO] Fetching JWKS from URL
[2025-08-20 13:40:53,611] [INFO] JWKS fetched and parsed successfully
[2025-08-20 13:40:53,677] [INFO] Token validated successfully
[2025-08-20 13:41:26,640] [INFO] Starting token and email verification
[2025-08-20 13:41:26,641] [INFO] Validating ID token
[2025-08-20 13:41:26,641] [INFO] Validating ID token
[2025-08-20 13:41:26,642] [INFO] Fetching JWKS from URL
[2025-08-20 13:41:27,533] [INFO] JWKS fetched and parsed successfully
[2025-08-20 13:41:27,543] [INFO] Token validated successfully
[2025-08-20 13:41:27,543] [ERROR] Token validation failed: None
[2025-08-20 13:44:45,393] [INFO] Starting token and email verification
[2025-08-20 13:44:45,396] [INFO] Validating ID token
[2025-08-20 13:44:45,396] [INFO] Validating ID token
[2025-08-20 13:44:45,397] [INFO] Fetching JWKS from URL
[2025-08-20 13:44:46,311] [INFO] JWKS fetched and parsed successfully
[2025-08-20 13:44:46,318] [INFO] Token validated successfully
[2025-08-20 13:44:46,319] [ERROR] Token validation failed: None
[2025-08-20 13:44:54,392] [INFO] Token received: BHphEgX2UBeZ9hDnt4YRAXfKQVUgyq5TgeVIOEKyQm,phG2E..., site: dev
[2025-08-20 13:44:58,291] [INFO] Authenticating with AWS Cognito
[2025-08-20 13:45:01,260] [INFO] Cognito authentication successful
[2025-08-20 13:45:14,226] [INFO] Starting token and email verification
[2025-08-20 13:45:14,226] [INFO] Validating ID token
[2025-08-20 13:45:14,227] [INFO] Validating ID token
[2025-08-20 13:45:14,227] [INFO] Fetching JWKS from URL
[2025-08-20 13:45:15,185] [INFO] JWKS fetched and parsed successfully
[2025-08-20 13:45:15,188] [INFO] Token validated successfully
[2025-08-20 13:45:15,189] [ERROR] Token validation failed: None
[2025-08-20 13:49:47,922] [INFO] Starting token and email verification
[2025-08-20 13:49:47,926] [INFO] Validating ID token
[2025-08-20 13:49:47,930] [INFO] Fetching JWKS from Cognito
[2025-08-20 13:49:49,253] [INFO] Token validated for email: prakash@zeoner.com
[2025-08-20 13:49:49,254] [WARNING] Email mismatch: token email (prakash@zeoner.com) vs request email (vijayalakshmi@zeoner.com)
[2025-08-20 13:50:47,424] [INFO] Starting token and email verification
[2025-08-20 13:50:47,424] [INFO] Validating ID token
[2025-08-20 13:50:47,424] [INFO] Fetching JWKS from Cognito
[2025-08-20 13:50:48,488] [INFO] Token validated for email: prakash@zeoner.com
[2025-08-20 13:50:48,489] [INFO] Email verified successfully: prakash@zeoner.com
[2025-08-20 13:51:19,465] [INFO] Starting token and email verification
[2025-08-20 13:51:19,467] [INFO] Validating ID token
[2025-08-20 13:51:19,467] [INFO] Fetching JWKS from Cognito
[2025-08-20 13:51:20,379] [INFO] Token validated for email: prakash@zeoner.com
[2025-08-20 13:51:20,379] [INFO] Email verified successfully: prakash@zeoner.com
[2025-08-20 13:51:20,380] [INFO] Received patient-details request from email: prakash@zeoner.com
[2025-08-20 13:51:20,381] [INFO] Patient details fetched successfully for email: prakash@zeoner.com
[2025-08-20 13:56:12,170] [INFO] Starting token and email verification
[2025-08-20 13:56:12,183] [INFO] Validating ID token
[2025-08-20 13:56:12,183] [INFO] Fetching JWKS from Cognito
[2025-08-20 13:56:13,121] [ERROR] JWT validation error: Error decoding token headers.
Traceback (most recent call last):
  File "C:\Users\arunk\OneDrive\Desktop\new_folder\refresh_health\venv\Lib\site-packages\jose\jws.py", line 202, in _load
    signature = base64url_decode(crypto_segment)
  File "C:\Users\arunk\OneDrive\Desktop\new_folder\refresh_health\venv\Lib\site-packages\jose\utils.py", line 78, in base64url_decode
    return base64.urlsafe_b64decode(input)
           ~~~~~~~~~~~~~~~~~~~~~~~~^^^^^^^
  File "C:\Python313\Lib\base64.py", line 134, in urlsafe_b64decode
    return b64decode(s)
  File "C:\Python313\Lib\base64.py", line 88, in b64decode
    return binascii.a2b_base64(s, strict_mode=validate)
           ~~~~~~~~~~~~~~~~~~~^^^^^^^^^^^^^^^^^^^^^^^^^
binascii.Error: Invalid base64-encoded string: number of data characters (341) cannot be 1 more than a multiple of 4

During handling of the above exception, another exception occurred:

Traceback (most recent call last):
  File "C:\Users\arunk\OneDrive\Desktop\new_folder\refresh_health\venv\Lib\site-packages\jose\jwt.py", line 200, in get_unverified_header
    headers = jws.get_unverified_headers(token)
  File "C:\Users\arunk\OneDrive\Desktop\new_folder\refresh_health\venv\Lib\site-packages\jose\jws.py", line 113, in get_unverified_headers
    return get_unverified_header(token)
  File "C:\Users\arunk\OneDrive\Desktop\new_folder\refresh_health\venv\Lib\site-packages\jose\jws.py", line 94, in get_unverified_header
    header, claims, signing_input, signature = _load(token)
                                               ~~~~~^^^^^^^
  File "C:\Users\arunk\OneDrive\Desktop\new_folder\refresh_health\venv\Lib\site-packages\jose\jws.py", line 204, in _load
    raise JWSError("Invalid crypto padding")
jose.exceptions.JWSError: Invalid crypto padding

During handling of the above exception, another exception occurred:

Traceback (most recent call last):
  File "C:\Users\arunk\OneDrive\Desktop\new_folder\refresh_health\app\utils\auth_utils.py", line 42, in validate_id_token
    headers = jwt.get_unverified_header(id_token)
  File "C:\Users\arunk\OneDrive\Desktop\new_folder\refresh_health\venv\Lib\site-packages\jose\jwt.py", line 202, in get_unverified_header
    raise JWTError("Error decoding token headers.")
jose.exceptions.JWTError: Error decoding token headers.
[2025-08-20 13:56:20,651] [INFO] Starting token and email verification
[2025-08-20 13:56:20,651] [INFO] Validating ID token
[2025-08-20 13:56:20,652] [INFO] Fetching JWKS from Cognito
[2025-08-20 13:56:21,639] [INFO] Token validated for email: prakash@zeoner.com
[2025-08-20 13:56:21,639] [INFO] Email verified successfully: prakash@zeoner.com
[2025-08-20 13:56:21,641] [INFO] Received patient-details request from email: prakash@zeoner.com
[2025-08-20 13:56:21,642] [INFO] Patient details fetched successfully for email: prakash@zeoner.com
[2025-08-20 13:56:31,720] [INFO] Starting token and email verification
[2025-08-20 13:56:31,721] [INFO] Validating ID token
[2025-08-20 13:56:31,721] [INFO] Fetching JWKS from Cognito
[2025-08-20 13:56:32,572] [ERROR] JWT validation error: Signature verification failed.
Traceback (most recent call last):
  File "C:\Users\arunk\OneDrive\Desktop\new_folder\refresh_health\venv\Lib\site-packages\jose\jws.py", line 264, in _verify_signature
    raise JWSSignatureError()
jose.exceptions.JWSSignatureError

During handling of the above exception, another exception occurred:

Traceback (most recent call last):
  File "C:\Users\arunk\OneDrive\Desktop\new_folder\refresh_health\venv\Lib\site-packages\jose\jwt.py", line 159, in decode
    payload = jws.verify(token, key, algorithms, verify=verify_signature)
  File "C:\Users\arunk\OneDrive\Desktop\new_folder\refresh_health\venv\Lib\site-packages\jose\jws.py", line 77, in verify
    _verify_signature(signing_input, header, signature, key, algorithms)
    ~~~~~~~~~~~~~~~~~^^^^^^^^^^^^^^^^^^^^^^^^^^^^^^^^^^^^^^^^^^^^^^^^^^^
  File "C:\Users\arunk\OneDrive\Desktop\new_folder\refresh_health\venv\Lib\site-packages\jose\jws.py", line 266, in _verify_signature
    raise JWSError("Signature verification failed.")
jose.exceptions.JWSError: Signature verification failed.

During handling of the above exception, another exception occurred:

Traceback (most recent call last):
  File "C:\Users\arunk\OneDrive\Desktop\new_folder\refresh_health\app\utils\auth_utils.py", line 49, in validate_id_token
    payload = jwt.decode(
        id_token,
    ...<2 lines>...
        audience=APP_CLIENT_ID,
    )
  File "C:\Users\arunk\OneDrive\Desktop\new_folder\refresh_health\venv\Lib\site-packages\jose\jwt.py", line 161, in decode
    raise JWTError(e)
jose.exceptions.JWTError: Signature verification failed.
[2025-08-20 13:57:41,193] [INFO] Starting token and email verification
[2025-08-20 13:57:41,193] [INFO] Validating ID token
[2025-08-20 13:57:41,193] [INFO] Fetching JWKS from Cognito
[2025-08-20 13:57:42,105] [ERROR] JWT validation error: Signature verification failed.
Traceback (most recent call last):
  File "C:\Users\arunk\OneDrive\Desktop\new_folder\refresh_health\venv\Lib\site-packages\jose\jws.py", line 264, in _verify_signature
    raise JWSSignatureError()
jose.exceptions.JWSSignatureError

During handling of the above exception, another exception occurred:

Traceback (most recent call last):
  File "C:\Users\arunk\OneDrive\Desktop\new_folder\refresh_health\venv\Lib\site-packages\jose\jwt.py", line 159, in decode
    payload = jws.verify(token, key, algorithms, verify=verify_signature)
  File "C:\Users\arunk\OneDrive\Desktop\new_folder\refresh_health\venv\Lib\site-packages\jose\jws.py", line 77, in verify
    _verify_signature(signing_input, header, signature, key, algorithms)
    ~~~~~~~~~~~~~~~~~^^^^^^^^^^^^^^^^^^^^^^^^^^^^^^^^^^^^^^^^^^^^^^^^^^^
  File "C:\Users\arunk\OneDrive\Desktop\new_folder\refresh_health\venv\Lib\site-packages\jose\jws.py", line 266, in _verify_signature
    raise JWSError("Signature verification failed.")
jose.exceptions.JWSError: Signature verification failed.

During handling of the above exception, another exception occurred:

Traceback (most recent call last):
  File "C:\Users\arunk\OneDrive\Desktop\new_folder\refresh_health\app\utils\auth_utils.py", line 49, in validate_id_token
    payload = jwt.decode(
        id_token,
    ...<2 lines>...
        audience=APP_CLIENT_ID,
    )
  File "C:\Users\arunk\OneDrive\Desktop\new_folder\refresh_health\venv\Lib\site-packages\jose\jwt.py", line 161, in decode
    raise JWTError(e)
jose.exceptions.JWTError: Signature verification failed.
[2025-08-20 13:57:54,227] [INFO] Starting token and email verification
[2025-08-20 13:57:54,227] [INFO] Validating ID token
[2025-08-20 13:57:54,227] [INFO] Fetching JWKS from Cognito
[2025-08-20 13:57:55,073] [ERROR] JWT validation error: Signature verification failed.
Traceback (most recent call last):
  File "C:\Users\arunk\OneDrive\Desktop\new_folder\refresh_health\venv\Lib\site-packages\jose\jws.py", line 264, in _verify_signature
    raise JWSSignatureError()
jose.exceptions.JWSSignatureError

During handling of the above exception, another exception occurred:

Traceback (most recent call last):
  File "C:\Users\arunk\OneDrive\Desktop\new_folder\refresh_health\venv\Lib\site-packages\jose\jwt.py", line 159, in decode
    payload = jws.verify(token, key, algorithms, verify=verify_signature)
  File "C:\Users\arunk\OneDrive\Desktop\new_folder\refresh_health\venv\Lib\site-packages\jose\jws.py", line 77, in verify
    _verify_signature(signing_input, header, signature, key, algorithms)
    ~~~~~~~~~~~~~~~~~^^^^^^^^^^^^^^^^^^^^^^^^^^^^^^^^^^^^^^^^^^^^^^^^^^^
  File "C:\Users\arunk\OneDrive\Desktop\new_folder\refresh_health\venv\Lib\site-packages\jose\jws.py", line 266, in _verify_signature
    raise JWSError("Signature verification failed.")
jose.exceptions.JWSError: Signature verification failed.

During handling of the above exception, another exception occurred:

Traceback (most recent call last):
  File "C:\Users\arunk\OneDrive\Desktop\new_folder\refresh_health\app\utils\auth_utils.py", line 49, in validate_id_token
    payload = jwt.decode(
        id_token,
    ...<2 lines>...
        audience=APP_CLIENT_ID,
    )
  File "C:\Users\arunk\OneDrive\Desktop\new_folder\refresh_health\venv\Lib\site-packages\jose\jwt.py", line 161, in decode
    raise JWTError(e)
jose.exceptions.JWTError: Signature verification failed.
[2025-08-20 13:58:01,434] [INFO] Starting token and email verification
[2025-08-20 13:58:01,434] [INFO] Validating ID token
[2025-08-20 13:58:01,435] [INFO] Fetching JWKS from Cognito
[2025-08-20 13:58:02,336] [INFO] Token validated for email: prakash@zeoner.com
[2025-08-20 13:58:02,337] [INFO] Email verified successfully: prakash@zeoner.com
[2025-08-20 13:58:02,337] [INFO] Received patient-details request from email: prakash@zeoner.com
[2025-08-20 13:58:02,338] [INFO] Patient details fetched successfully for email: prakash@zeoner.com
[2025-08-20 14:09:05,993] [INFO] Starting token and email verification
[2025-08-20 14:09:05,994] [INFO] Validating ID token
[2025-08-20 14:09:05,994] [INFO] Fetching JWKS from Cognito
[2025-08-20 14:09:07,010] [INFO] Token validated for email: prakash@zeoner.com
[2025-08-20 14:09:07,010] [INFO] Email verified successfully: prakash@zeoner.com
[2025-08-20 14:09:07,012] [INFO] Received patient-details request from email: prakash@zeoner.com
[2025-08-20 14:09:07,012] [INFO] Patient details fetched successfully for email: prakash@zeoner.com
[2025-08-20 14:09:13,346] [INFO] Starting token and email verification
[2025-08-20 14:09:13,347] [INFO] Validating ID token
[2025-08-20 14:09:13,348] [INFO] Token validated for email: prakash@zeoner.com
[2025-08-20 14:09:13,348] [INFO] Email verified successfully: prakash@zeoner.com
[2025-08-20 14:09:13,349] [INFO] Received patient-details request from email: prakash@zeoner.com
[2025-08-20 14:09:13,349] [INFO] Patient details fetched successfully for email: prakash@zeoner.com
[2025-08-20 14:09:17,942] [INFO] Starting token and email verification
[2025-08-20 14:09:17,943] [INFO] Validating ID token
[2025-08-20 14:09:17,953] [WARNING] Token has been tampered with or signature is invalid
[2025-08-20 14:09:22,038] [INFO] Starting token and email verification
[2025-08-20 14:09:22,038] [INFO] Validating ID token
[2025-08-20 14:09:22,039] [WARNING] Token has been tampered with or signature is invalid
[2025-08-20 14:09:28,879] [INFO] Starting token and email verification
[2025-08-20 14:09:28,879] [INFO] Validating ID token
[2025-08-20 14:09:28,880] [INFO] Token validated for email: prakash@zeoner.com
[2025-08-20 14:09:28,880] [INFO] Email verified successfully: prakash@zeoner.com
[2025-08-20 14:09:28,881] [INFO] Received patient-details request from email: prakash@zeoner.com
[2025-08-20 14:09:28,881] [INFO] Patient details fetched successfully for email: prakash@zeoner.com
[2025-08-20 14:09:32,961] [INFO] Starting token and email verification
[2025-08-20 14:09:32,961] [INFO] Validating ID token
[2025-08-20 14:09:32,962] [INFO] Token validated for email: prakash@zeoner.com
[2025-08-20 14:09:32,962] [INFO] Email verified successfully: prakash@zeoner.com
[2025-08-20 14:09:32,963] [INFO] Received patient-details request from email: prakash@zeoner.com
[2025-08-20 14:09:32,963] [INFO] Patient details fetched successfully for email: prakash@zeoner.com
[2025-08-20 14:09:37,010] [INFO] Starting token and email verification
[2025-08-20 14:09:37,010] [INFO] Validating ID token
[2025-08-20 14:09:37,011] [INFO] Token validated for email: prakash@zeoner.com
[2025-08-20 14:09:37,011] [INFO] Email verified successfully: prakash@zeoner.com
[2025-08-20 14:09:37,011] [INFO] Received patient-details request from email: prakash@zeoner.com
[2025-08-20 14:09:37,011] [INFO] Patient details fetched successfully for email: prakash@zeoner.com
[2025-08-20 14:09:41,363] [INFO] Starting token and email verification
[2025-08-20 14:09:41,363] [INFO] Validating ID token
[2025-08-20 14:09:41,364] [WARNING] Token has been tampered with or signature is invalid
[2025-08-20 15:05:25,901] [INFO] Starting token and email verification
[2025-08-20 15:05:25,904] [INFO] Validating ID token
[2025-08-20 15:05:25,905] [INFO] Fetching JWKS from Cognito
[2025-08-20 15:05:27,227] [WARNING] 401: Signature verification failed
[2025-08-20 15:05:36,451] [INFO] Token received: BHphEgX2UBeZ9hDnt4YRAXfKQVUgyq5TgeVIOEKyQm,phG2E..., site: dev
[2025-08-20 15:06:03,445] [ERROR] Database error: (pymysql.err.OperationalError) (2013, 'Lost connection to MySQL server during query ([WinError 10054] An existing connection was forcibly closed by the remote host)')
(Background on this error at: https://sqlalche.me/e/20/e3q8)
[2025-08-20 15:06:14,494] [INFO] Token received: BHphEgX2UBeZ9hDnt4YRAXfKQVUgyq5TgeVIOEKyQm,phG2E..., site: dev
[2025-08-20 15:06:17,715] [INFO] Authenticating with Cognito
[2025-08-20 15:06:20,863] [INFO] Cognito authentication successful
[2025-08-20 15:06:33,670] [INFO] Starting token and email verification
[2025-08-20 15:06:33,670] [INFO] Validating ID token
[2025-08-20 15:06:33,671] [INFO] Fetching JWKS from Cognito
[2025-08-20 15:06:34,476] [INFO] Token validated for email: prakash@zeoner.com
[2025-08-20 15:06:34,476] [INFO] Email verified successfully: prakash@zeoner.com
[2025-08-20 15:06:34,477] [INFO] Received patient-details request from email: prakash@zeoner.com
[2025-08-20 15:06:34,477] [INFO] Patient details fetched successfully for email: prakash@zeoner.com
[2025-08-20 15:06:40,013] [INFO] Starting token and email verification
[2025-08-20 15:06:40,014] [INFO] Validating ID token
[2025-08-20 15:06:40,015] [INFO] Fetching JWKS from Cognito
[2025-08-20 15:06:40,809] [WARNING] 401: Signature verification failed
[2025-08-20 15:06:48,067] [INFO] Starting token and email verification
[2025-08-20 15:06:48,067] [INFO] Validating ID token
[2025-08-20 15:06:48,068] [INFO] Fetching JWKS from Cognito
[2025-08-20 15:06:48,857] [WARNING] 401: Signature verification failed
[2025-08-20 15:06:54,349] [INFO] Starting token and email verification
[2025-08-20 15:06:54,349] [INFO] Validating ID token
[2025-08-20 15:06:54,350] [INFO] Fetching JWKS from Cognito
[2025-08-20 15:06:55,175] [WARNING] 401: Signature verification failed
[2025-08-20 15:08:37,378] [INFO] Starting token and email verification
[2025-08-20 15:08:37,378] [INFO] Validating ID token
[2025-08-20 15:08:37,379] [INFO] Fetching JWKS from Cognito
[2025-08-20 15:08:38,215] [INFO] Token validated for email: prakash@zeoner.com
[2025-08-20 15:08:38,216] [INFO] Email verified successfully: prakash@zeoner.com
[2025-08-20 15:08:38,217] [INFO] Received patient-details request from email: prakash@zeoner.com
[2025-08-20 15:08:38,217] [INFO] Patient details fetched successfully for email: prakash@zeoner.com
[2025-08-20 15:08:51,234] [INFO] Starting token and email verification
[2025-08-20 15:08:51,235] [INFO] Validating ID token
[2025-08-20 15:08:51,236] [INFO] Fetching JWKS from Cognito
[2025-08-20 15:08:52,024] [INFO] Token validated for email: prakash@zeoner.com
[2025-08-20 15:08:52,025] [WARNING] Email mismatch: token email (prakash@zeoner.com) vs request email (vijayalakshmi@zeoner.com)
[2025-08-20 15:09:01,581] [INFO] Starting token and email verification
[2025-08-20 15:09:01,582] [INFO] Validating ID token
[2025-08-20 15:09:01,583] [INFO] Fetching JWKS from Cognito
[2025-08-20 15:09:02,399] [INFO] Token validated for email: prakash@zeoner.com
[2025-08-20 15:09:02,400] [INFO] Email verified successfully: prakash@zeoner.com
[2025-08-20 15:09:02,401] [INFO] Received patient-details request from email: prakash@zeoner.com
[2025-08-20 15:09:02,402] [INFO] Patient details fetched successfully for email: prakash@zeoner.com
[2025-08-20 15:19:25,289] [INFO] Starting token and email verification
[2025-08-20 15:19:25,294] [INFO] Validating ID token
[2025-08-20 15:19:25,295] [INFO] Fetching JWKS from Cognito
[2025-08-20 15:19:26,412] [INFO] Token validated for email: prakash@zeoner.com
[2025-08-20 15:19:26,413] [INFO] Email verified successfully: prakash@zeoner.com
[2025-08-20 15:19:54,942] [INFO] Starting token and email verification
[2025-08-20 15:19:54,943] [INFO] Validating ID token
[2025-08-20 15:19:54,943] [INFO] Fetching JWKS from Cognito
[2025-08-20 15:19:55,745] [INFO] Token validated for email: prakash@zeoner.com
[2025-08-20 15:19:55,746] [INFO] Email verified successfully: prakash@zeoner.com
[2025-08-20 15:20:15,910] [INFO] Starting token and email verification
[2025-08-20 15:20:15,911] [INFO] Validating ID token
[2025-08-20 15:20:15,911] [INFO] Fetching JWKS from Cognito
[2025-08-20 15:20:16,728] [INFO] Token validated for email: prakash@zeoner.com
[2025-08-20 15:20:16,730] [INFO] Email verified successfully: prakash@zeoner.com
[2025-08-20 15:20:16,734] [INFO] Received patient-details request from email: prakash@zeoner.com
[2025-08-20 15:20:16,734] [INFO] Patient details fetched successfully for email: prakash@zeoner.com
[2025-08-20 15:20:22,615] [INFO] Starting token and email verification
[2025-08-20 15:20:22,615] [INFO] Validating ID token
[2025-08-20 15:20:22,615] [INFO] Fetching JWKS from Cognito
[2025-08-20 15:20:23,436] [INFO] Token validated for email: prakash@zeoner.com
[2025-08-20 15:20:23,437] [WARNING] Email missing in request body
[2025-08-20 15:26:36,753] [INFO] Starting token and email verification
[2025-08-20 15:26:36,755] [INFO] Validating ID token
[2025-08-20 15:26:36,759] [INFO] Fetching JWKS from Cognito
[2025-08-20 15:26:37,796] [INFO] Token validated for email: prakash@zeoner.com
[2025-08-20 15:26:37,822] [INFO] Email verified successfully: prakash@zeoner.com
[2025-08-20 15:26:37,827] [INFO] Received patient-details request from email: prakash@zeoner.com
[2025-08-20 15:26:37,836] [ERROR] Error fetching patient details: cannot access local variable 'enrollment_data' where it is not associated with a value
Traceback (most recent call last):
  File "C:\Users\arunk\OneDrive\Desktop\new_folder\refresh_health\app\routers\patient_route.py", line 22, in patient_details
    result = await get_patient_details(payload=payload, db=db)
             ^^^^^^^^^^^^^^^^^^^^^^^^^^^^^^^^^^^^^^^^^^^^^^^^^
  File "C:\Users\arunk\OneDrive\Desktop\new_folder\refresh_health\app\controllers\patient_controller.py", line 29, in get_patient_details
    return enrollment_data
           ^^^^^^^^^^^^^^^
UnboundLocalError: cannot access local variable 'enrollment_data' where it is not associated with a value
[2025-08-20 15:29:41,248] [INFO] Starting token and email verification
[2025-08-20 15:29:41,249] [INFO] Validating ID token
[2025-08-20 15:29:41,250] [INFO] Fetching JWKS from Cognito
[2025-08-20 15:29:42,284] [INFO] Token validated for email: prakash@zeoner.com
[2025-08-20 15:29:42,302] [INFO] Email verified successfully: prakash@zeoner.com
[2025-08-20 15:29:42,314] [INFO] Received patient-details request from email: prakash@zeoner.com
[2025-08-20 15:29:42,315] [ERROR] Error fetching patient details: cannot access local variable 'patient' where it is not associated with a value
Traceback (most recent call last):
  File "C:\Users\arunk\OneDrive\Desktop\new_folder\refresh_health\app\routers\patient_route.py", line 22, in patient_details
    result = await get_patient_details(payload=payload, db=db)
             ^^^^^^^^^^^^^^^^^^^^^^^^^^^^^^^^^^^^^^^^^^^^^^^^^
  File "C:\Users\arunk\OneDrive\Desktop\new_folder\refresh_health\app\controllers\patient_controller.py", line 31, in get_patient_details
    "pid": patient.pid,
           ^^^^^^^
UnboundLocalError: cannot access local variable 'patient' where it is not associated with a value
[2025-08-20 15:30:16,667] [INFO] Starting token and email verification
[2025-08-20 15:30:16,668] [INFO] Validating ID token
[2025-08-20 15:30:16,669] [INFO] Fetching JWKS from Cognito
[2025-08-20 15:30:17,546] [INFO] Token validated for email: prakash@zeoner.com
[2025-08-20 15:30:17,547] [INFO] Email verified successfully: prakash@zeoner.com
[2025-08-20 15:30:17,549] [INFO] Received patient-details request from email: prakash@zeoner.com
[2025-08-20 15:30:17,550] [ERROR] Error fetching patient details: cannot access local variable 'enrollment_data' where it is not associated with a value
Traceback (most recent call last):
  File "C:\Users\arunk\OneDrive\Desktop\new_folder\refresh_health\app\routers\patient_route.py", line 22, in patient_details
    result = await get_patient_details(payload=payload, db=db)
             ^^^^^^^^^^^^^^^^^^^^^^^^^^^^^^^^^^^^^^^^^^^^^^^^^
  File "C:\Users\arunk\OneDrive\Desktop\new_folder\refresh_health\app\controllers\patient_controller.py", line 30, in get_patient_details
    "enrollment": enrollment_data.get(pid, {})
                  ^^^^^^^^^^^^^^^
UnboundLocalError: cannot access local variable 'enrollment_data' where it is not associated with a value
[2025-08-20 16:23:50,516] [INFO] Starting token and email verification
[2025-08-20 16:23:50,517] [INFO] Validating ID token
[2025-08-20 16:23:50,518] [INFO] Fetching JWKS from Cognito
[2025-08-20 16:23:51,718] [WARNING] Token signature expired
[2025-08-20 16:25:00,490] [INFO] Token received: seRs1I,r,QjKOAhUkCnQF7N7oTozLmP,hky6iiMHGd9hVJB,..., site: dev
[2025-08-20 16:25:02,535] [ERROR] Database error: (pymysql.err.OperationalError) (2003, "Can't connect to MySQL server on '127.0.0.1'")
(Background on this error at: https://sqlalche.me/e/20/e3q8)
[2025-08-20 16:25:17,431] [INFO] Token received: seRs1I,r,QjKOAhUkCnQF7N7oTozLmP,hky6iiMHGd9hVJB,..., site: dev
[2025-08-20 16:25:20,549] [INFO] Authenticating with Cognito
[2025-08-20 16:25:22,814] [INFO] Cognito authentication successful
[2025-08-20 16:25:46,179] [INFO] Starting token and email verification
[2025-08-20 16:25:46,180] [INFO] Validating ID token
[2025-08-20 16:25:46,180] [INFO] Fetching JWKS from Cognito
[2025-08-20 16:25:46,989] [INFO] Token validated for email: prakash@zeoner.com
[2025-08-20 16:25:46,991] [INFO] Email verified successfully: prakash@zeoner.com
[2025-08-20 16:25:46,992] [INFO] Received patient-details request from email: prakash@zeoner.com
[2025-08-20 16:25:46,993] [ERROR] Error fetching patient details: pid is required for this function (single patient mode)
Traceback (most recent call last):
  File "C:\Users\arunk\OneDrive\Desktop\new_folder\refresh_health\app\routers\patient_route.py", line 22, in patient_details
    result = await get_patient_details(payload=payload, db=db)
             ^^^^^^^^^^^^^^^^^^^^^^^^^^^^^^^^^^^^^^^^^^^^^^^^^
  File "C:\Users\arunk\OneDrive\Desktop\new_folder\refresh_health\app\controllers\patient_controller.py", line 16, in get_patient_details
    raise ValueError("pid is required for this function (single patient mode)")
ValueError: pid is required for this function (single patient mode)
[2025-08-20 16:26:04,935] [INFO] Starting token and email verification
[2025-08-20 16:26:04,935] [INFO] Validating ID token
[2025-08-20 16:26:04,936] [INFO] Fetching JWKS from Cognito
[2025-08-20 16:26:05,762] [INFO] Token validated for email: prakash@zeoner.com
[2025-08-20 16:26:05,763] [INFO] Email verified successfully: prakash@zeoner.com
[2025-08-20 16:26:05,763] [INFO] Received patient-details request from email: prakash@zeoner.com
[2025-08-20 16:26:06,322] [INFO] Fetching enrollment for 1 patients in batch
[2025-08-20 16:26:06,324] [ERROR] Error in batch enrollment fetch: type object 'PatientEnrollment' has no attribute 'patient'
Traceback (most recent call last):
  File "C:\Users\arunk\OneDrive\Desktop\new_folder\refresh_health\app\services\patients\patient_details_service.py", line 22, in get_batch_enrollment_data
    enrollment_data = await get_batch_enrollment_status(db_conn, event, context, patient_ids)
                      ^^^^^^^^^^^^^^^^^^^^^^^^^^^^^^^^^^^^^^^^^^^^^^^^^^^^^^^^^^^^^^^^^^^^^^^
  File "C:\Users\arunk\OneDrive\Desktop\new_folder\refresh_health\app\services\patients\patient_details_service.py", line 69, in get_batch_enrollment_status
    joinedload(PatientEnrollment.patient),
               ^^^^^^^^^^^^^^^^^^^^^^^^^
AttributeError: type object 'PatientEnrollment' has no attribute 'patient'
[2025-08-20 16:26:06,334] [ERROR] Error fetching patient details: get_batch_vitals_data() got an unexpected keyword argument 'db_conn'
Traceback (most recent call last):
  File "C:\Users\arunk\OneDrive\Desktop\new_folder\refresh_health\app\routers\patient_route.py", line 22, in patient_details
    result = await get_patient_details(payload=payload, db=db)
             ^^^^^^^^^^^^^^^^^^^^^^^^^^^^^^^^^^^^^^^^^^^^^^^^^
  File "C:\Users\arunk\OneDrive\Desktop\new_folder\refresh_health\app\controllers\patient_controller.py", line 31, in get_patient_details
    vitals_data = await get_batch_vitals_data(db_conn=db, patient_ids=[pid])
                        ~~~~~~~~~~~~~~~~~~~~~^^^^^^^^^^^^^^^^^^^^^^^^^^^^^^^
TypeError: get_batch_vitals_data() got an unexpected keyword argument 'db_conn'
[2025-08-20 16:27:27,048] [INFO] Starting token and email verification
[2025-08-20 16:27:27,050] [INFO] Validating ID token
[2025-08-20 16:27:27,051] [INFO] Fetching JWKS from Cognito
[2025-08-20 16:27:27,877] [INFO] Token validated for email: prakash@zeoner.com
[2025-08-20 16:27:27,878] [INFO] Email verified successfully: prakash@zeoner.com
[2025-08-20 16:27:27,879] [INFO] Received patient-details request from email: prakash@zeoner.com
[2025-08-20 16:27:31,066] [ERROR] Error fetching patient details: get_batch_enrollment_data() got an unexpected keyword argument 'db'
Traceback (most recent call last):
  File "C:\Users\arunk\OneDrive\Desktop\new_folder\refresh_health\app\routers\patient_route.py", line 22, in patient_details
    result = await get_patient_details(payload=payload, db=db)
             ^^^^^^^^^^^^^^^^^^^^^^^^^^^^^^^^^^^^^^^^^^^^^^^^^
  File "C:\Users\arunk\OneDrive\Desktop\new_folder\refresh_health\app\controllers\patient_controller.py", line 30, in get_patient_details
    enrollment_data = await get_batch_enrollment_data(db=db, event=payload, context={}, patient_ids=[pid])
                            ~~~~~~~~~~~~~~~~~~~~~~~~~^^^^^^^^^^^^^^^^^^^^^^^^^^^^^^^^^^^^^^^^^^^^^^^^^^^^^
TypeError: get_batch_enrollment_data() got an unexpected keyword argument 'db'
[2025-08-20 16:28:01,277] [INFO] Starting token and email verification
[2025-08-20 16:28:01,278] [INFO] Validating ID token
[2025-08-20 16:28:01,279] [INFO] Fetching JWKS from Cognito
[2025-08-20 16:28:02,085] [INFO] Token validated for email: prakash@zeoner.com
[2025-08-20 16:28:02,086] [INFO] Email verified successfully: prakash@zeoner.com
[2025-08-20 16:28:02,088] [INFO] Received patient-details request from email: prakash@zeoner.com
[2025-08-20 16:28:05,183] [INFO] Fetching enrollment for 1 patients in batch
[2025-08-20 16:28:05,185] [ERROR] Error in batch enrollment fetch: type object 'PatientEnrollment' has no attribute 'patient'
Traceback (most recent call last):
  File "C:\Users\arunk\OneDrive\Desktop\new_folder\refresh_health\app\services\patients\patient_details_service.py", line 22, in get_batch_enrollment_data
    enrollment_data = await get_batch_enrollment_status(db_conn, event, context, patient_ids)
                      ^^^^^^^^^^^^^^^^^^^^^^^^^^^^^^^^^^^^^^^^^^^^^^^^^^^^^^^^^^^^^^^^^^^^^^^
  File "C:\Users\arunk\OneDrive\Desktop\new_folder\refresh_health\app\services\patients\patient_details_service.py", line 69, in get_batch_enrollment_status
    joinedload(PatientEnrollment.patient),
               ^^^^^^^^^^^^^^^^^^^^^^^^^
AttributeError: type object 'PatientEnrollment' has no attribute 'patient'
[2025-08-20 16:28:05,191] [ERROR] Error fetching patient details: 'AsyncSession' object has no attribute 'cursor'
Traceback (most recent call last):
  File "C:\Users\arunk\OneDrive\Desktop\new_folder\refresh_health\app\routers\patient_route.py", line 22, in patient_details
    result = await get_patient_details(payload=payload, db=db)
             ^^^^^^^^^^^^^^^^^^^^^^^^^^^^^^^^^^^^^^^^^^^^^^^^^
  File "C:\Users\arunk\OneDrive\Desktop\new_folder\refresh_health\app\controllers\patient_controller.py", line 31, in get_patient_details
    vitals_data = await get_batch_vitals_data(db=db, patient_ids=[pid])
                  ^^^^^^^^^^^^^^^^^^^^^^^^^^^^^^^^^^^^^^^^^^^^^^^^^^^^^
  File "C:\Users\arunk\OneDrive\Desktop\new_folder\refresh_health\app\services\patients\patient_details_service.py", line 169, in get_batch_vitals_data
    with db.cursor() as cursor:
         ^^^^^^^^^
AttributeError: 'AsyncSession' object has no attribute 'cursor'
[2025-08-20 16:32:48,494] [INFO] Starting token and email verification
[2025-08-20 16:32:48,498] [INFO] Validating ID token
[2025-08-20 16:32:48,499] [INFO] Fetching JWKS from Cognito
[2025-08-20 16:32:49,367] [INFO] Token validated for email: prakash@zeoner.com
[2025-08-20 16:32:49,369] [INFO] Email verified successfully: prakash@zeoner.com
[2025-08-20 16:32:49,371] [INFO] Received patient-details request from email: prakash@zeoner.com
[2025-08-20 16:32:52,596] [INFO] Fetching enrollment for 1 patients in batch
[2025-08-20 16:32:52,596] [ERROR] Error in batch enrollment fetch: type object 'PatientEnrollment' has no attribute 'patient'
Traceback (most recent call last):
  File "C:\Users\arunk\OneDrive\Desktop\new_folder\refresh_health\app\services\patients\patient_details_service.py", line 24, in get_batch_enrollment_data
    enrollment_data = await get_batch_enrollment_status(db_conn, event, context, patient_ids)
                      ^^^^^^^^^^^^^^^^^^^^^^^^^^^^^^^^^^^^^^^^^^^^^^^^^^^^^^^^^^^^^^^^^^^^^^^
  File "C:\Users\arunk\OneDrive\Desktop\new_folder\refresh_health\app\services\patients\patient_details_service.py", line 71, in get_batch_enrollment_status
    joinedload(PatientEnrollment.patient),
               ^^^^^^^^^^^^^^^^^^^^^^^^^
AttributeError: type object 'PatientEnrollment' has no attribute 'patient'
[2025-08-20 16:32:52,602] [ERROR] Error fetching patient details: 'AsyncSession' object has no attribute 'cursor'
Traceback (most recent call last):
  File "C:\Users\arunk\OneDrive\Desktop\new_folder\refresh_health\app\routers\patient_route.py", line 22, in patient_details
    result = await get_patient_details(payload=payload, db=db)
             ^^^^^^^^^^^^^^^^^^^^^^^^^^^^^^^^^^^^^^^^^^^^^^^^^
  File "C:\Users\arunk\OneDrive\Desktop\new_folder\refresh_health\app\controllers\patient_controller.py", line 31, in get_patient_details
    vitals_data = await get_batch_vitals_data(db=db, patient_ids=[pid])
                  ^^^^^^^^^^^^^^^^^^^^^^^^^^^^^^^^^^^^^^^^^^^^^^^^^^^^^
  File "C:\Users\arunk\OneDrive\Desktop\new_folder\refresh_health\app\services\patients\patient_details_service.py", line 171, in get_batch_vitals_data
    with db.cursor() as cursor:
         ^^^^^^^^^
AttributeError: 'AsyncSession' object has no attribute 'cursor'
[2025-08-20 16:38:44,136] [INFO] Starting token and email verification
[2025-08-20 16:38:44,140] [INFO] Validating ID token
[2025-08-20 16:38:44,142] [INFO] Fetching JWKS from Cognito
[2025-08-20 16:38:45,234] [INFO] Token validated for email: prakash@zeoner.com
[2025-08-20 16:38:45,235] [INFO] Email verified successfully: prakash@zeoner.com
[2025-08-20 16:38:45,241] [INFO] Received patient-details request from email: prakash@zeoner.com
[2025-08-20 16:38:48,389] [INFO] Fetching enrollment for 1 patients in batch
[2025-08-20 16:38:48,390] [ERROR] Error in batch enrollment fetch: type object 'PatientEnrollment' has no attribute 'patient'
Traceback (most recent call last):
  File "C:\Users\arunk\OneDrive\Desktop\new_folder\refresh_health\app\services\patients\patient_details_service.py", line 24, in get_batch_enrollment_data
    enrollment_data = await get_batch_enrollment_status(db_conn, event, context, patient_ids)
                      ^^^^^^^^^^^^^^^^^^^^^^^^^^^^^^^^^^^^^^^^^^^^^^^^^^^^^^^^^^^^^^^^^^^^^^^
  File "C:\Users\arunk\OneDrive\Desktop\new_folder\refresh_health\app\services\patients\patient_details_service.py", line 71, in get_batch_enrollment_status
    joinedload(PatientEnrollment.patient),
               ^^^^^^^^^^^^^^^^^^^^^^^^^
AttributeError: type object 'PatientEnrollment' has no attribute 'patient'
[2025-08-20 16:38:48,742] [ERROR] Error fetching patient details: 2
Traceback (most recent call last):
  File "C:\Users\arunk\OneDrive\Desktop\new_folder\refresh_health\app\routers\patient_route.py", line 22, in patient_details
    result = await get_patient_details(payload=payload, db=db)
             ^^^^^^^^^^^^^^^^^^^^^^^^^^^^^^^^^^^^^^^^^^^^^^^^^
  File "C:\Users\arunk\OneDrive\Desktop\new_folder\refresh_health\app\controllers\patient_controller.py", line 31, in get_patient_details
    vitals_data = await get_batch_vitals_data(db=db, patient_ids=[pid])
                  ^^^^^^^^^^^^^^^^^^^^^^^^^^^^^^^^^^^^^^^^^^^^^^^^^^^^^
  File "C:\Users\arunk\OneDrive\Desktop\new_folder\refresh_health\app\services\patients\patient_details_service.py", line 269, in get_batch_vitals_data
    vitals_data[pid]["latest"] = {
    ~~~~~~~~~~~^^^^^
KeyError: 2
[2025-08-20 17:01:45,114] [INFO] Starting token and email verification
[2025-08-20 17:01:45,116] [INFO] Validating ID token
[2025-08-20 17:01:45,117] [INFO] Fetching JWKS from Cognito
[2025-08-20 17:01:46,255] [INFO] Token validated for email: prakash@zeoner.com
[2025-08-20 17:01:46,256] [INFO] Email verified successfully: prakash@zeoner.com
[2025-08-20 17:01:46,259] [INFO] Received patient-details request from email: prakash@zeoner.com
[2025-08-20 17:02:09,792] [ERROR] Error fetching patient details: (pymysql.err.OperationalError) (2013, 'Lost connection to MySQL server during query ([WinError 10054] An existing connection was forcibly closed by the remote host)')
(Background on this error at: https://sqlalche.me/e/20/e3q8)
Traceback (most recent call last):
  File "C:\Users\arunk\OneDrive\Desktop\new_folder\refresh_health\venv\Lib\site-packages\aiomysql\connection.py", line 657, in _read_bytes
    data = await self._reader.readexactly(num_bytes)
           ^^^^^^^^^^^^^^^^^^^^^^^^^^^^^^^^^^^^^^^^^
  File "C:\Python313\Lib\asyncio\streams.py", line 769, in readexactly
    await self._wait_for_data('readexactly')
  File "C:\Python313\Lib\asyncio\streams.py", line 539, in _wait_for_data
    await self._waiter
  File "C:\Python313\Lib\asyncio\selector_events.py", line 1005, in _read_ready__data_received
    data = self._sock.recv(self.max_size)
ConnectionResetError: [WinError 10054] An existing connection was forcibly closed by the remote host

The above exception was the direct cause of the following exception:

Traceback (most recent call last):
  File "C:\Users\arunk\OneDrive\Desktop\new_folder\refresh_health\venv\Lib\site-packages\sqlalchemy\engine\base.py", line 143, in __init__
    self._dbapi_connection = engine.raw_connection()
                             ~~~~~~~~~~~~~~~~~~~~~^^
  File "C:\Users\arunk\OneDrive\Desktop\new_folder\refresh_health\venv\Lib\site-packages\sqlalchemy\engine\base.py", line 3301, in raw_connection
    return self.pool.connect()
           ~~~~~~~~~~~~~~~~~^^
  File "C:\Users\arunk\OneDrive\Desktop\new_folder\refresh_health\venv\Lib\site-packages\sqlalchemy\pool\base.py", line 447, in connect
    return _ConnectionFairy._checkout(self)
           ~~~~~~~~~~~~~~~~~~~~~~~~~~^^^^^^
  File "C:\Users\arunk\OneDrive\Desktop\new_folder\refresh_health\venv\Lib\site-packages\sqlalchemy\pool\base.py", line 1264, in _checkout
    fairy = _ConnectionRecord.checkout(pool)
  File "C:\Users\arunk\OneDrive\Desktop\new_folder\refresh_health\venv\Lib\site-packages\sqlalchemy\pool\base.py", line 711, in checkout
    rec = pool._do_get()
  File "C:\Users\arunk\OneDrive\Desktop\new_folder\refresh_health\venv\Lib\site-packages\sqlalchemy\pool\impl.py", line 177, in _do_get
    with util.safe_reraise():
         ~~~~~~~~~~~~~~~~~^^
  File "C:\Users\arunk\OneDrive\Desktop\new_folder\refresh_health\venv\Lib\site-packages\sqlalchemy\util\langhelpers.py", line 224, in __exit__
    raise exc_value.with_traceback(exc_tb)
  File "C:\Users\arunk\OneDrive\Desktop\new_folder\refresh_health\venv\Lib\site-packages\sqlalchemy\pool\impl.py", line 175, in _do_get
    return self._create_connection()
           ~~~~~~~~~~~~~~~~~~~~~~~^^
  File "C:\Users\arunk\OneDrive\Desktop\new_folder\refresh_health\venv\Lib\site-packages\sqlalchemy\pool\base.py", line 388, in _create_connection
    return _ConnectionRecord(self)
  File "C:\Users\arunk\OneDrive\Desktop\new_folder\refresh_health\venv\Lib\site-packages\sqlalchemy\pool\base.py", line 673, in __init__
    self.__connect()
    ~~~~~~~~~~~~~~^^
  File "C:\Users\arunk\OneDrive\Desktop\new_folder\refresh_health\venv\Lib\site-packages\sqlalchemy\pool\base.py", line 899, in __connect
    with util.safe_reraise():
         ~~~~~~~~~~~~~~~~~^^
  File "C:\Users\arunk\OneDrive\Desktop\new_folder\refresh_health\venv\Lib\site-packages\sqlalchemy\util\langhelpers.py", line 224, in __exit__
    raise exc_value.with_traceback(exc_tb)
  File "C:\Users\arunk\OneDrive\Desktop\new_folder\refresh_health\venv\Lib\site-packages\sqlalchemy\pool\base.py", line 895, in __connect
    self.dbapi_connection = connection = pool._invoke_creator(self)
                                         ~~~~~~~~~~~~~~~~~~~~^^^^^^
  File "C:\Users\arunk\OneDrive\Desktop\new_folder\refresh_health\venv\Lib\site-packages\sqlalchemy\engine\create.py", line 661, in connect
    return dialect.connect(*cargs, **cparams)
           ~~~~~~~~~~~~~~~^^^^^^^^^^^^^^^^^^^
  File "C:\Users\arunk\OneDrive\Desktop\new_folder\refresh_health\venv\Lib\site-packages\sqlalchemy\engine\default.py", line 629, in connect
    return self.loaded_dbapi.connect(*cargs, **cparams)  # type: ignore[no-any-return]  # NOQA: E501
           ~~~~~~~~~~~~~~~~~~~~~~~~~^^^^^^^^^^^^^^^^^^^
  File "C:\Users\arunk\OneDrive\Desktop\new_folder\refresh_health\venv\Lib\site-packages\sqlalchemy\dialects\mysql\aiomysql.py", line 164, in connect
    await_only(creator_fn(*arg, **kw)),
    ~~~~~~~~~~^^^^^^^^^^^^^^^^^^^^^^^^
  File "C:\Users\arunk\OneDrive\Desktop\new_folder\refresh_health\venv\Lib\site-packages\sqlalchemy\util\_concurrency_py3k.py", line 132, in await_only
    return current.parent.switch(awaitable)  # type: ignore[no-any-return,attr-defined] # noqa: E501
           ~~~~~~~~~~~~~~~~~~~~~^^^^^^^^^^^
  File "C:\Users\arunk\OneDrive\Desktop\new_folder\refresh_health\venv\Lib\site-packages\sqlalchemy\util\_concurrency_py3k.py", line 196, in greenlet_spawn
    value = await result
            ^^^^^^^^^^^^
  File "C:\Users\arunk\OneDrive\Desktop\new_folder\refresh_health\venv\Lib\site-packages\aiomysql\connection.py", line 75, in _connect
    await conn._connect()
  File "C:\Users\arunk\OneDrive\Desktop\new_folder\refresh_health\venv\Lib\site-packages\aiomysql\connection.py", line 539, in _connect
    await self._get_server_information()
  File "C:\Users\arunk\OneDrive\Desktop\new_folder\refresh_health\venv\Lib\site-packages\aiomysql\connection.py", line 1048, in _get_server_information
    packet = await self._read_packet()
             ^^^^^^^^^^^^^^^^^^^^^^^^^
  File "C:\Users\arunk\OneDrive\Desktop\new_folder\refresh_health\venv\Lib\site-packages\aiomysql\connection.py", line 609, in _read_packet
    packet_header = await self._read_bytes(4)
                    ^^^^^^^^^^^^^^^^^^^^^^^^^
  File "C:\Users\arunk\OneDrive\Desktop\new_folder\refresh_health\venv\Lib\site-packages\aiomysql\connection.py", line 665, in _read_bytes
    raise OperationalError(CR.CR_SERVER_LOST, msg) from e
pymysql.err.OperationalError: (2013, 'Lost connection to MySQL server during query ([WinError 10054] An existing connection was forcibly closed by the remote host)')

The above exception was the direct cause of the following exception:

Traceback (most recent call last):
  File "C:\Users\arunk\OneDrive\Desktop\new_folder\refresh_health\app\routers\patient_route.py", line 22, in patient_details
    result = await get_patient_details(payload=payload, db=db, request=request)
             ^^^^^^^^^^^^^^^^^^^^^^^^^^^^^^^^^^^^^^^^^^^^^^^^^^^^^^^^^^^^^^^^^^
  File "C:\Users\arunk\OneDrive\Desktop\new_folder\refresh_health\app\controllers\patient_controller.py", line 19, in get_patient_details
    result = await db.execute(select(PatientData).where(PatientData.pid == pid))
             ^^^^^^^^^^^^^^^^^^^^^^^^^^^^^^^^^^^^^^^^^^^^^^^^^^^^^^^^^^^^^^^^^^^
  File "C:\Users\arunk\OneDrive\Desktop\new_folder\refresh_health\venv\Lib\site-packages\sqlalchemy\ext\asyncio\session.py", line 463, in execute
    result = await greenlet_spawn(
             ^^^^^^^^^^^^^^^^^^^^^
    ...<6 lines>...
    )
    ^
  File "C:\Users\arunk\OneDrive\Desktop\new_folder\refresh_health\venv\Lib\site-packages\sqlalchemy\util\_concurrency_py3k.py", line 201, in greenlet_spawn
    result = context.throw(*sys.exc_info())
  File "C:\Users\arunk\OneDrive\Desktop\new_folder\refresh_health\venv\Lib\site-packages\sqlalchemy\orm\session.py", line 2365, in execute
    return self._execute_internal(
           ~~~~~~~~~~~~~~~~~~~~~~^
        statement,
        ^^^^^^^^^^
    ...<4 lines>...
        _add_event=_add_event,
        ^^^^^^^^^^^^^^^^^^^^^^
    )
    ^
  File "C:\Users\arunk\OneDrive\Desktop\new_folder\refresh_health\venv\Lib\site-packages\sqlalchemy\orm\session.py", line 2241, in _execute_internal
    conn = self._connection_for_bind(bind)
  File "C:\Users\arunk\OneDrive\Desktop\new_folder\refresh_health\venv\Lib\site-packages\sqlalchemy\orm\session.py", line 2110, in _connection_for_bind
    return trans._connection_for_bind(engine, execution_options)
           ~~~~~~~~~~~~~~~~~~~~~~~~~~^^^^^^^^^^^^^^^^^^^^^^^^^^^
  File "<string>", line 2, in _connection_for_bind
  File "C:\Users\arunk\OneDrive\Desktop\new_folder\refresh_health\venv\Lib\site-packages\sqlalchemy\orm\state_changes.py", line 137, in _go
    ret_value = fn(self, *arg, **kw)
  File "C:\Users\arunk\OneDrive\Desktop\new_folder\refresh_health\venv\Lib\site-packages\sqlalchemy\orm\session.py", line 1189, in _connection_for_bind
    conn = bind.connect()
  File "C:\Users\arunk\OneDrive\Desktop\new_folder\refresh_health\venv\Lib\site-packages\sqlalchemy\engine\base.py", line 3277, in connect
    return self._connection_cls(self)
           ~~~~~~~~~~~~~~~~~~~~^^^^^^
  File "C:\Users\arunk\OneDrive\Desktop\new_folder\refresh_health\venv\Lib\site-packages\sqlalchemy\engine\base.py", line 145, in __init__
    Connection._handle_dbapi_exception_noconnection(
    ~~~~~~~~~~~~~~~~~~~~~~~~~~~~~~~~~~~~~~~~~~~~~~~^
        err, dialect, engine
        ^^^^^^^^^^^^^^^^^^^^
    )
    ^
  File "C:\Users\arunk\OneDrive\Desktop\new_folder\refresh_health\venv\Lib\site-packages\sqlalchemy\engine\base.py", line 2440, in _handle_dbapi_exception_noconnection
    raise sqlalchemy_exception.with_traceback(exc_info[2]) from e
  File "C:\Users\arunk\OneDrive\Desktop\new_folder\refresh_health\venv\Lib\site-packages\sqlalchemy\engine\base.py", line 143, in __init__
    self._dbapi_connection = engine.raw_connection()
                             ~~~~~~~~~~~~~~~~~~~~~^^
  File "C:\Users\arunk\OneDrive\Desktop\new_folder\refresh_health\venv\Lib\site-packages\sqlalchemy\engine\base.py", line 3301, in raw_connection
    return self.pool.connect()
           ~~~~~~~~~~~~~~~~~^^
  File "C:\Users\arunk\OneDrive\Desktop\new_folder\refresh_health\venv\Lib\site-packages\sqlalchemy\pool\base.py", line 447, in connect
    return _ConnectionFairy._checkout(self)
           ~~~~~~~~~~~~~~~~~~~~~~~~~~^^^^^^
  File "C:\Users\arunk\OneDrive\Desktop\new_folder\refresh_health\venv\Lib\site-packages\sqlalchemy\pool\base.py", line 1264, in _checkout
    fairy = _ConnectionRecord.checkout(pool)
  File "C:\Users\arunk\OneDrive\Desktop\new_folder\refresh_health\venv\Lib\site-packages\sqlalchemy\pool\base.py", line 711, in checkout
    rec = pool._do_get()
  File "C:\Users\arunk\OneDrive\Desktop\new_folder\refresh_health\venv\Lib\site-packages\sqlalchemy\pool\impl.py", line 177, in _do_get
    with util.safe_reraise():
         ~~~~~~~~~~~~~~~~~^^
  File "C:\Users\arunk\OneDrive\Desktop\new_folder\refresh_health\venv\Lib\site-packages\sqlalchemy\util\langhelpers.py", line 224, in __exit__
    raise exc_value.with_traceback(exc_tb)
  File "C:\Users\arunk\OneDrive\Desktop\new_folder\refresh_health\venv\Lib\site-packages\sqlalchemy\pool\impl.py", line 175, in _do_get
    return self._create_connection()
           ~~~~~~~~~~~~~~~~~~~~~~~^^
  File "C:\Users\arunk\OneDrive\Desktop\new_folder\refresh_health\venv\Lib\site-packages\sqlalchemy\pool\base.py", line 388, in _create_connection
    return _ConnectionRecord(self)
  File "C:\Users\arunk\OneDrive\Desktop\new_folder\refresh_health\venv\Lib\site-packages\sqlalchemy\pool\base.py", line 673, in __init__
    self.__connect()
    ~~~~~~~~~~~~~~^^
  File "C:\Users\arunk\OneDrive\Desktop\new_folder\refresh_health\venv\Lib\site-packages\sqlalchemy\pool\base.py", line 899, in __connect
    with util.safe_reraise():
         ~~~~~~~~~~~~~~~~~^^
  File "C:\Users\arunk\OneDrive\Desktop\new_folder\refresh_health\venv\Lib\site-packages\sqlalchemy\util\langhelpers.py", line 224, in __exit__
    raise exc_value.with_traceback(exc_tb)
  File "C:\Users\arunk\OneDrive\Desktop\new_folder\refresh_health\venv\Lib\site-packages\sqlalchemy\pool\base.py", line 895, in __connect
    self.dbapi_connection = connection = pool._invoke_creator(self)
                                         ~~~~~~~~~~~~~~~~~~~~^^^^^^
  File "C:\Users\arunk\OneDrive\Desktop\new_folder\refresh_health\venv\Lib\site-packages\sqlalchemy\engine\create.py", line 661, in connect
    return dialect.connect(*cargs, **cparams)
           ~~~~~~~~~~~~~~~^^^^^^^^^^^^^^^^^^^
  File "C:\Users\arunk\OneDrive\Desktop\new_folder\refresh_health\venv\Lib\site-packages\sqlalchemy\engine\default.py", line 629, in connect
    return self.loaded_dbapi.connect(*cargs, **cparams)  # type: ignore[no-any-return]  # NOQA: E501
           ~~~~~~~~~~~~~~~~~~~~~~~~~^^^^^^^^^^^^^^^^^^^
  File "C:\Users\arunk\OneDrive\Desktop\new_folder\refresh_health\venv\Lib\site-packages\sqlalchemy\dialects\mysql\aiomysql.py", line 164, in connect
    await_only(creator_fn(*arg, **kw)),
    ~~~~~~~~~~^^^^^^^^^^^^^^^^^^^^^^^^
  File "C:\Users\arunk\OneDrive\Desktop\new_folder\refresh_health\venv\Lib\site-packages\sqlalchemy\util\_concurrency_py3k.py", line 132, in await_only
    return current.parent.switch(awaitable)  # type: ignore[no-any-return,attr-defined] # noqa: E501
           ~~~~~~~~~~~~~~~~~~~~~^^^^^^^^^^^
  File "C:\Users\arunk\OneDrive\Desktop\new_folder\refresh_health\venv\Lib\site-packages\sqlalchemy\util\_concurrency_py3k.py", line 196, in greenlet_spawn
    value = await result
            ^^^^^^^^^^^^
  File "C:\Users\arunk\OneDrive\Desktop\new_folder\refresh_health\venv\Lib\site-packages\aiomysql\connection.py", line 75, in _connect
    await conn._connect()
  File "C:\Users\arunk\OneDrive\Desktop\new_folder\refresh_health\venv\Lib\site-packages\aiomysql\connection.py", line 539, in _connect
    await self._get_server_information()
  File "C:\Users\arunk\OneDrive\Desktop\new_folder\refresh_health\venv\Lib\site-packages\aiomysql\connection.py", line 1048, in _get_server_information
    packet = await self._read_packet()
             ^^^^^^^^^^^^^^^^^^^^^^^^^
  File "C:\Users\arunk\OneDrive\Desktop\new_folder\refresh_health\venv\Lib\site-packages\aiomysql\connection.py", line 609, in _read_packet
    packet_header = await self._read_bytes(4)
                    ^^^^^^^^^^^^^^^^^^^^^^^^^
  File "C:\Users\arunk\OneDrive\Desktop\new_folder\refresh_health\venv\Lib\site-packages\aiomysql\connection.py", line 665, in _read_bytes
    raise OperationalError(CR.CR_SERVER_LOST, msg) from e
sqlalchemy.exc.OperationalError: (pymysql.err.OperationalError) (2013, 'Lost connection to MySQL server during query ([WinError 10054] An existing connection was forcibly closed by the remote host)')
(Background on this error at: https://sqlalche.me/e/20/e3q8)
[2025-08-20 17:05:52,408] [INFO] Starting token and email verification
[2025-08-20 17:05:52,414] [INFO] Validating ID token
[2025-08-20 17:05:52,415] [INFO] Fetching JWKS from Cognito
[2025-08-20 17:05:54,110] [INFO] Token validated for email: prakash@zeoner.com
[2025-08-20 17:05:54,112] [INFO] Email verified successfully: prakash@zeoner.com
[2025-08-20 17:05:54,115] [INFO] Received patient-details request from email: prakash@zeoner.com
[2025-08-20 17:05:56,150] [ERROR] Error fetching patient details: (pymysql.err.OperationalError) (2003, "Can't connect to MySQL server on '127.0.0.1'")
(Background on this error at: https://sqlalche.me/e/20/e3q8)
Traceback (most recent call last):
  File "C:\Users\arunk\OneDrive\Desktop\new_folder\refresh_health\venv\Lib\site-packages\aiomysql\connection.py", line 527, in _connect
    self._reader, self._writer = await \
                                 ^^^^^^^
    ...<4 lines>...
            timeout=self.connect_timeout)
            ^^^^^^^^^^^^^^^^^^^^^^^^^^^^^
  File "C:\Python313\Lib\asyncio\tasks.py", line 507, in wait_for
    return await fut
           ^^^^^^^^^
  File "C:\Users\arunk\OneDrive\Desktop\new_folder\refresh_health\venv\Lib\site-packages\aiomysql\connection.py", line 88, in _open_connection
    transport, _ = await loop.create_connection(
                   ^^^^^^^^^^^^^^^^^^^^^^^^^^^^^
        lambda: protocol, host, port, **kwds)
        ^^^^^^^^^^^^^^^^^^^^^^^^^^^^^^^^^^^^^
  File "C:\Python313\Lib\asyncio\base_events.py", line 1160, in create_connection
    raise exceptions[0]
  File "C:\Python313\Lib\asyncio\base_events.py", line 1135, in create_connection
    sock = await self._connect_sock(
           ^^^^^^^^^^^^^^^^^^^^^^^^^
        exceptions, addrinfo, laddr_infos)
        ^^^^^^^^^^^^^^^^^^^^^^^^^^^^^^^^^^
  File "C:\Python313\Lib\asyncio\base_events.py", line 1038, in _connect_sock
    await self.sock_connect(sock, address)
  File "C:\Python313\Lib\asyncio\selector_events.py", line 641, in sock_connect
    return await fut
           ^^^^^^^^^
  File "C:\Python313\Lib\asyncio\selector_events.py", line 681, in _sock_connect_cb
    raise OSError(err, f'Connect call failed {address}')
ConnectionRefusedError: [Errno 10061] Connect call failed ('127.0.0.1', 3307)

The above exception was the direct cause of the following exception:

Traceback (most recent call last):
  File "C:\Users\arunk\OneDrive\Desktop\new_folder\refresh_health\venv\Lib\site-packages\sqlalchemy\engine\base.py", line 143, in __init__
    self._dbapi_connection = engine.raw_connection()
                             ~~~~~~~~~~~~~~~~~~~~~^^
  File "C:\Users\arunk\OneDrive\Desktop\new_folder\refresh_health\venv\Lib\site-packages\sqlalchemy\engine\base.py", line 3301, in raw_connection
    return self.pool.connect()
           ~~~~~~~~~~~~~~~~~^^
  File "C:\Users\arunk\OneDrive\Desktop\new_folder\refresh_health\venv\Lib\site-packages\sqlalchemy\pool\base.py", line 447, in connect
    return _ConnectionFairy._checkout(self)
           ~~~~~~~~~~~~~~~~~~~~~~~~~~^^^^^^
  File "C:\Users\arunk\OneDrive\Desktop\new_folder\refresh_health\venv\Lib\site-packages\sqlalchemy\pool\base.py", line 1264, in _checkout
    fairy = _ConnectionRecord.checkout(pool)
  File "C:\Users\arunk\OneDrive\Desktop\new_folder\refresh_health\venv\Lib\site-packages\sqlalchemy\pool\base.py", line 711, in checkout
    rec = pool._do_get()
  File "C:\Users\arunk\OneDrive\Desktop\new_folder\refresh_health\venv\Lib\site-packages\sqlalchemy\pool\impl.py", line 177, in _do_get
    with util.safe_reraise():
         ~~~~~~~~~~~~~~~~~^^
  File "C:\Users\arunk\OneDrive\Desktop\new_folder\refresh_health\venv\Lib\site-packages\sqlalchemy\util\langhelpers.py", line 224, in __exit__
    raise exc_value.with_traceback(exc_tb)
  File "C:\Users\arunk\OneDrive\Desktop\new_folder\refresh_health\venv\Lib\site-packages\sqlalchemy\pool\impl.py", line 175, in _do_get
    return self._create_connection()
           ~~~~~~~~~~~~~~~~~~~~~~~^^
  File "C:\Users\arunk\OneDrive\Desktop\new_folder\refresh_health\venv\Lib\site-packages\sqlalchemy\pool\base.py", line 388, in _create_connection
    return _ConnectionRecord(self)
  File "C:\Users\arunk\OneDrive\Desktop\new_folder\refresh_health\venv\Lib\site-packages\sqlalchemy\pool\base.py", line 673, in __init__
    self.__connect()
    ~~~~~~~~~~~~~~^^
  File "C:\Users\arunk\OneDrive\Desktop\new_folder\refresh_health\venv\Lib\site-packages\sqlalchemy\pool\base.py", line 899, in __connect
    with util.safe_reraise():
         ~~~~~~~~~~~~~~~~~^^
  File "C:\Users\arunk\OneDrive\Desktop\new_folder\refresh_health\venv\Lib\site-packages\sqlalchemy\util\langhelpers.py", line 224, in __exit__
    raise exc_value.with_traceback(exc_tb)
  File "C:\Users\arunk\OneDrive\Desktop\new_folder\refresh_health\venv\Lib\site-packages\sqlalchemy\pool\base.py", line 895, in __connect
    self.dbapi_connection = connection = pool._invoke_creator(self)
                                         ~~~~~~~~~~~~~~~~~~~~^^^^^^
  File "C:\Users\arunk\OneDrive\Desktop\new_folder\refresh_health\venv\Lib\site-packages\sqlalchemy\engine\create.py", line 661, in connect
    return dialect.connect(*cargs, **cparams)
           ~~~~~~~~~~~~~~~^^^^^^^^^^^^^^^^^^^
  File "C:\Users\arunk\OneDrive\Desktop\new_folder\refresh_health\venv\Lib\site-packages\sqlalchemy\engine\default.py", line 629, in connect
    return self.loaded_dbapi.connect(*cargs, **cparams)  # type: ignore[no-any-return]  # NOQA: E501
           ~~~~~~~~~~~~~~~~~~~~~~~~~^^^^^^^^^^^^^^^^^^^
  File "C:\Users\arunk\OneDrive\Desktop\new_folder\refresh_health\venv\Lib\site-packages\sqlalchemy\dialects\mysql\aiomysql.py", line 164, in connect
    await_only(creator_fn(*arg, **kw)),
    ~~~~~~~~~~^^^^^^^^^^^^^^^^^^^^^^^^
  File "C:\Users\arunk\OneDrive\Desktop\new_folder\refresh_health\venv\Lib\site-packages\sqlalchemy\util\_concurrency_py3k.py", line 132, in await_only
    return current.parent.switch(awaitable)  # type: ignore[no-any-return,attr-defined] # noqa: E501
           ~~~~~~~~~~~~~~~~~~~~~^^^^^^^^^^^
  File "C:\Users\arunk\OneDrive\Desktop\new_folder\refresh_health\venv\Lib\site-packages\sqlalchemy\util\_concurrency_py3k.py", line 196, in greenlet_spawn
    value = await result
            ^^^^^^^^^^^^
  File "C:\Users\arunk\OneDrive\Desktop\new_folder\refresh_health\venv\Lib\site-packages\aiomysql\connection.py", line 75, in _connect
    await conn._connect()
  File "C:\Users\arunk\OneDrive\Desktop\new_folder\refresh_health\venv\Lib\site-packages\aiomysql\connection.py", line 563, in _connect
    raise OperationalError(
    ...<2 lines>...
    ) from e
pymysql.err.OperationalError: (2003, "Can't connect to MySQL server on '127.0.0.1'")

The above exception was the direct cause of the following exception:

Traceback (most recent call last):
  File "C:\Users\arunk\OneDrive\Desktop\new_folder\refresh_health\app\routers\patient_route.py", line 22, in patient_details
    result = await get_patient_details(payload=payload, db=db, request=request)
             ^^^^^^^^^^^^^^^^^^^^^^^^^^^^^^^^^^^^^^^^^^^^^^^^^^^^^^^^^^^^^^^^^^
  File "C:\Users\arunk\OneDrive\Desktop\new_folder\refresh_health\app\controllers\patient_controller.py", line 19, in get_patient_details
    result = await db.execute(select(PatientData).where(PatientData.pid == pid))
             ^^^^^^^^^^^^^^^^^^^^^^^^^^^^^^^^^^^^^^^^^^^^^^^^^^^^^^^^^^^^^^^^^^^
  File "C:\Users\arunk\OneDrive\Desktop\new_folder\refresh_health\venv\Lib\site-packages\sqlalchemy\ext\asyncio\session.py", line 463, in execute
    result = await greenlet_spawn(
             ^^^^^^^^^^^^^^^^^^^^^
    ...<6 lines>...
    )
    ^
  File "C:\Users\arunk\OneDrive\Desktop\new_folder\refresh_health\venv\Lib\site-packages\sqlalchemy\util\_concurrency_py3k.py", line 201, in greenlet_spawn
    result = context.throw(*sys.exc_info())
  File "C:\Users\arunk\OneDrive\Desktop\new_folder\refresh_health\venv\Lib\site-packages\sqlalchemy\orm\session.py", line 2365, in execute
    return self._execute_internal(
           ~~~~~~~~~~~~~~~~~~~~~~^
        statement,
        ^^^^^^^^^^
    ...<4 lines>...
        _add_event=_add_event,
        ^^^^^^^^^^^^^^^^^^^^^^
    )
    ^
  File "C:\Users\arunk\OneDrive\Desktop\new_folder\refresh_health\venv\Lib\site-packages\sqlalchemy\orm\session.py", line 2241, in _execute_internal
    conn = self._connection_for_bind(bind)
  File "C:\Users\arunk\OneDrive\Desktop\new_folder\refresh_health\venv\Lib\site-packages\sqlalchemy\orm\session.py", line 2110, in _connection_for_bind
    return trans._connection_for_bind(engine, execution_options)
           ~~~~~~~~~~~~~~~~~~~~~~~~~~^^^^^^^^^^^^^^^^^^^^^^^^^^^
  File "<string>", line 2, in _connection_for_bind
  File "C:\Users\arunk\OneDrive\Desktop\new_folder\refresh_health\venv\Lib\site-packages\sqlalchemy\orm\state_changes.py", line 137, in _go
    ret_value = fn(self, *arg, **kw)
  File "C:\Users\arunk\OneDrive\Desktop\new_folder\refresh_health\venv\Lib\site-packages\sqlalchemy\orm\session.py", line 1189, in _connection_for_bind
    conn = bind.connect()
  File "C:\Users\arunk\OneDrive\Desktop\new_folder\refresh_health\venv\Lib\site-packages\sqlalchemy\engine\base.py", line 3277, in connect
    return self._connection_cls(self)
           ~~~~~~~~~~~~~~~~~~~~^^^^^^
  File "C:\Users\arunk\OneDrive\Desktop\new_folder\refresh_health\venv\Lib\site-packages\sqlalchemy\engine\base.py", line 145, in __init__
    Connection._handle_dbapi_exception_noconnection(
    ~~~~~~~~~~~~~~~~~~~~~~~~~~~~~~~~~~~~~~~~~~~~~~~^
        err, dialect, engine
        ^^^^^^^^^^^^^^^^^^^^
    )
    ^
  File "C:\Users\arunk\OneDrive\Desktop\new_folder\refresh_health\venv\Lib\site-packages\sqlalchemy\engine\base.py", line 2440, in _handle_dbapi_exception_noconnection
    raise sqlalchemy_exception.with_traceback(exc_info[2]) from e
  File "C:\Users\arunk\OneDrive\Desktop\new_folder\refresh_health\venv\Lib\site-packages\sqlalchemy\engine\base.py", line 143, in __init__
    self._dbapi_connection = engine.raw_connection()
                             ~~~~~~~~~~~~~~~~~~~~~^^
  File "C:\Users\arunk\OneDrive\Desktop\new_folder\refresh_health\venv\Lib\site-packages\sqlalchemy\engine\base.py", line 3301, in raw_connection
    return self.pool.connect()
           ~~~~~~~~~~~~~~~~~^^
  File "C:\Users\arunk\OneDrive\Desktop\new_folder\refresh_health\venv\Lib\site-packages\sqlalchemy\pool\base.py", line 447, in connect
    return _ConnectionFairy._checkout(self)
           ~~~~~~~~~~~~~~~~~~~~~~~~~~^^^^^^
  File "C:\Users\arunk\OneDrive\Desktop\new_folder\refresh_health\venv\Lib\site-packages\sqlalchemy\pool\base.py", line 1264, in _checkout
    fairy = _ConnectionRecord.checkout(pool)
  File "C:\Users\arunk\OneDrive\Desktop\new_folder\refresh_health\venv\Lib\site-packages\sqlalchemy\pool\base.py", line 711, in checkout
    rec = pool._do_get()
  File "C:\Users\arunk\OneDrive\Desktop\new_folder\refresh_health\venv\Lib\site-packages\sqlalchemy\pool\impl.py", line 177, in _do_get
    with util.safe_reraise():
         ~~~~~~~~~~~~~~~~~^^
  File "C:\Users\arunk\OneDrive\Desktop\new_folder\refresh_health\venv\Lib\site-packages\sqlalchemy\util\langhelpers.py", line 224, in __exit__
    raise exc_value.with_traceback(exc_tb)
  File "C:\Users\arunk\OneDrive\Desktop\new_folder\refresh_health\venv\Lib\site-packages\sqlalchemy\pool\impl.py", line 175, in _do_get
    return self._create_connection()
           ~~~~~~~~~~~~~~~~~~~~~~~^^
  File "C:\Users\arunk\OneDrive\Desktop\new_folder\refresh_health\venv\Lib\site-packages\sqlalchemy\pool\base.py", line 388, in _create_connection
    return _ConnectionRecord(self)
  File "C:\Users\arunk\OneDrive\Desktop\new_folder\refresh_health\venv\Lib\site-packages\sqlalchemy\pool\base.py", line 673, in __init__
    self.__connect()
    ~~~~~~~~~~~~~~^^
  File "C:\Users\arunk\OneDrive\Desktop\new_folder\refresh_health\venv\Lib\site-packages\sqlalchemy\pool\base.py", line 899, in __connect
    with util.safe_reraise():
         ~~~~~~~~~~~~~~~~~^^
  File "C:\Users\arunk\OneDrive\Desktop\new_folder\refresh_health\venv\Lib\site-packages\sqlalchemy\util\langhelpers.py", line 224, in __exit__
    raise exc_value.with_traceback(exc_tb)
  File "C:\Users\arunk\OneDrive\Desktop\new_folder\refresh_health\venv\Lib\site-packages\sqlalchemy\pool\base.py", line 895, in __connect
    self.dbapi_connection = connection = pool._invoke_creator(self)
                                         ~~~~~~~~~~~~~~~~~~~~^^^^^^
  File "C:\Users\arunk\OneDrive\Desktop\new_folder\refresh_health\venv\Lib\site-packages\sqlalchemy\engine\create.py", line 661, in connect
    return dialect.connect(*cargs, **cparams)
           ~~~~~~~~~~~~~~~^^^^^^^^^^^^^^^^^^^
  File "C:\Users\arunk\OneDrive\Desktop\new_folder\refresh_health\venv\Lib\site-packages\sqlalchemy\engine\default.py", line 629, in connect
    return self.loaded_dbapi.connect(*cargs, **cparams)  # type: ignore[no-any-return]  # NOQA: E501
           ~~~~~~~~~~~~~~~~~~~~~~~~~^^^^^^^^^^^^^^^^^^^
  File "C:\Users\arunk\OneDrive\Desktop\new_folder\refresh_health\venv\Lib\site-packages\sqlalchemy\dialects\mysql\aiomysql.py", line 164, in connect
    await_only(creator_fn(*arg, **kw)),
    ~~~~~~~~~~^^^^^^^^^^^^^^^^^^^^^^^^
  File "C:\Users\arunk\OneDrive\Desktop\new_folder\refresh_health\venv\Lib\site-packages\sqlalchemy\util\_concurrency_py3k.py", line 132, in await_only
    return current.parent.switch(awaitable)  # type: ignore[no-any-return,attr-defined] # noqa: E501
           ~~~~~~~~~~~~~~~~~~~~~^^^^^^^^^^^
  File "C:\Users\arunk\OneDrive\Desktop\new_folder\refresh_health\venv\Lib\site-packages\sqlalchemy\util\_concurrency_py3k.py", line 196, in greenlet_spawn
    value = await result
            ^^^^^^^^^^^^
  File "C:\Users\arunk\OneDrive\Desktop\new_folder\refresh_health\venv\Lib\site-packages\aiomysql\connection.py", line 75, in _connect
    await conn._connect()
  File "C:\Users\arunk\OneDrive\Desktop\new_folder\refresh_health\venv\Lib\site-packages\aiomysql\connection.py", line 563, in _connect
    raise OperationalError(
    ...<2 lines>...
    ) from e
sqlalchemy.exc.OperationalError: (pymysql.err.OperationalError) (2003, "Can't connect to MySQL server on '127.0.0.1'")
(Background on this error at: https://sqlalche.me/e/20/e3q8)
[2025-08-20 17:06:19,048] [INFO] Starting token and email verification
[2025-08-20 17:06:19,049] [INFO] Validating ID token
[2025-08-20 17:06:19,049] [INFO] Fetching JWKS from Cognito
[2025-08-20 17:06:19,943] [INFO] Token validated for email: prakash@zeoner.com
[2025-08-20 17:06:19,943] [INFO] Email verified successfully: prakash@zeoner.com
[2025-08-20 17:06:19,944] [INFO] Received patient-details request from email: prakash@zeoner.com
[2025-08-20 17:06:23,784] [INFO] Fetching enrollment for 1 patients in batch
[2025-08-20 17:06:23,784] [ERROR] Error in batch enrollment fetch: get_batch_enrollment_status() takes 3 positional arguments but 5 were given
Traceback (most recent call last):
  File "C:\Users\arunk\OneDrive\Desktop\new_folder\refresh_health\app\services\patients\patient_details_service.py", line 25, in get_batch_enrollment_data
    enrollment_data = await get_batch_enrollment_status(db_conn, event, context, patient_ids, request)
                            ~~~~~~~~~~~~~~~~~~~~~~~~~~~^^^^^^^^^^^^^^^^^^^^^^^^^^^^^^^^^^^^^^^^^^^^^^^
TypeError: get_batch_enrollment_status() takes 3 positional arguments but 5 were given
[2025-08-20 17:06:24,244] [ERROR] Error fetching patient details: 2
Traceback (most recent call last):
  File "C:\Users\arunk\OneDrive\Desktop\new_folder\refresh_health\app\routers\patient_route.py", line 22, in patient_details
    result = await get_patient_details(payload=payload, db=db, request=request)
             ^^^^^^^^^^^^^^^^^^^^^^^^^^^^^^^^^^^^^^^^^^^^^^^^^^^^^^^^^^^^^^^^^^
  File "C:\Users\arunk\OneDrive\Desktop\new_folder\refresh_health\app\controllers\patient_controller.py", line 31, in get_patient_details
    vitals_data = await get_batch_vitals_data(db=db, patient_ids=[pid])
                  ^^^^^^^^^^^^^^^^^^^^^^^^^^^^^^^^^^^^^^^^^^^^^^^^^^^^^
  File "C:\Users\arunk\OneDrive\Desktop\new_folder\refresh_health\app\services\patients\patient_details_service.py", line 335, in get_batch_vitals_data
    vitals_data[pid]["latest"] = {
    ~~~~~~~~~~~^^^^^
KeyError: 2
[2025-08-20 17:17:08,219] [INFO] Starting token and email verification
[2025-08-20 17:17:08,222] [INFO] Validating ID token
[2025-08-20 17:17:08,224] [INFO] Fetching JWKS from Cognito
[2025-08-20 17:17:09,352] [INFO] Token validated for email: prakash@zeoner.com
[2025-08-20 17:17:09,352] [INFO] Email verified successfully: prakash@zeoner.com
[2025-08-20 17:17:09,355] [INFO] Received patient-details request from email: prakash@zeoner.com
[2025-08-20 17:17:12,841] [INFO] Fetching enrollment for 1 patients in batch
[2025-08-20 17:17:12,843] [ERROR] Error in batch enrollment fetch: get_batch_enrollment_status() takes 3 positional arguments but 5 were given
Traceback (most recent call last):
  File "C:\Users\arunk\OneDrive\Desktop\new_folder\refresh_health\app\services\patients\patient_details_service.py", line 25, in get_batch_enrollment_data
    enrollment_data = await get_batch_enrollment_status(db_conn, event, context, patient_ids, request)
                            ~~~~~~~~~~~~~~~~~~~~~~~~~~~^^^^^^^^^^^^^^^^^^^^^^^^^^^^^^^^^^^^^^^^^^^^^^^
TypeError: get_batch_enrollment_status() takes 3 positional arguments but 5 were given
[2025-08-20 17:17:12,849] [INFO] Patient details fetched successfully for email: prakash@zeoner.com
[2025-08-20 17:46:35,491] [INFO] Starting token and email verification
[2025-08-20 17:46:35,493] [INFO] Validating ID token
[2025-08-20 17:46:35,494] [INFO] Fetching JWKS from Cognito
[2025-08-20 17:46:36,372] [WARNING] Token signature expired
[2025-08-20 17:47:27,189] [INFO] Token received: seRs1I,r,QjKOAhUkCnQF7N7oTozLmP,hky6iiMHGd9hVJB,..., site: dev
[2025-08-20 17:47:50,581] [ERROR] Database error: (pymysql.err.OperationalError) (2013, 'Lost connection to MySQL server during query ([WinError 10054] An existing connection was forcibly closed by the remote host)')
(Background on this error at: https://sqlalche.me/e/20/e3q8)
[2025-08-20 17:48:02,263] [INFO] Token received: seRs1I,r,QjKOAhUkCnQF7N7oTozLmP,hky6iiMHGd9hVJB,..., site: dev
[2025-08-20 17:48:05,273] [INFO] Authenticating with Cognito
[2025-08-20 17:48:07,694] [INFO] Cognito authentication successful
[2025-08-20 17:48:18,767] [INFO] Starting token and email verification
[2025-08-20 17:48:18,768] [INFO] Validating ID token
[2025-08-20 17:48:18,768] [INFO] Fetching JWKS from Cognito
[2025-08-20 17:48:19,589] [INFO] Token validated for email: prakash@zeoner.com
[2025-08-20 17:48:19,589] [INFO] Email verified successfully: prakash@zeoner.com
[2025-08-20 17:48:19,590] [INFO] Received patient-details request from email: prakash@zeoner.com
[2025-08-20 17:48:20,125] [INFO] Fetching enrollment for 1 patients in batch
[2025-08-20 17:48:20,644] [INFO] ✅ BATCH: Retrieved enrollment data for 1 patients
[2025-08-20 17:48:20,647] [INFO] Patient details fetched successfully for email: prakash@zeoner.com
[2025-08-20 17:49:52,756] [INFO] Starting token and email verification
[2025-08-20 17:49:52,757] [INFO] Validating ID token
[2025-08-20 17:49:52,758] [INFO] Fetching JWKS from Cognito
[2025-08-20 17:49:53,620] [INFO] Token validated for email: prakash@zeoner.com
[2025-08-20 17:49:53,621] [INFO] Email verified successfully: prakash@zeoner.com
[2025-08-20 17:49:53,622] [INFO] Received patient-details request from email: prakash@zeoner.com
[2025-08-20 17:49:56,646] [INFO] Fetching enrollment for 1 patients in batch
[2025-08-20 17:49:57,167] [INFO] ✅ BATCH: Retrieved enrollment data for 1 patients
[2025-08-20 17:49:57,509] [ERROR] Error fetching patient details: 2
Traceback (most recent call last):
  File "C:\Users\arunk\OneDrive\Desktop\new_folder\refresh_health\app\routers\patient_route.py", line 22, in patient_details
    result = await get_patient_details(payload, db, request)
             ^^^^^^^^^^^^^^^^^^^^^^^^^^^^^^^^^^^^^^^^^^^^^^^
  File "C:\Users\arunk\OneDrive\Desktop\new_folder\refresh_health\app\controllers\patient_controller.py", line 31, in get_patient_details
    vitals_data = await get_batch_vitals_data(db=db, patient_ids=[pid])
                  ^^^^^^^^^^^^^^^^^^^^^^^^^^^^^^^^^^^^^^^^^^^^^^^^^^^^^
  File "C:\Users\arunk\OneDrive\Desktop\new_folder\refresh_health\app\services\patients\patient_details_service.py", line 335, in get_batch_vitals_data
    vitals_data[pid]["latest"] = {
    ~~~~~~~~~~~^^^^^
KeyError: 2
[2025-08-20 17:58:06,076] [INFO] Starting token and email verification
[2025-08-20 17:58:06,078] [INFO] Validating ID token
[2025-08-20 17:58:06,081] [INFO] Fetching JWKS from Cognito
[2025-08-20 17:58:07,105] [INFO] Token validated for email: prakash@zeoner.com
[2025-08-20 17:58:07,106] [INFO] Email verified successfully: prakash@zeoner.com
[2025-08-20 17:58:07,107] [INFO] Received patient-details request from email: prakash@zeoner.com
[2025-08-20 17:58:10,170] [INFO] Fetching enrollment for 1 patients in batch
[2025-08-20 17:58:10,701] [INFO] ✅ BATCH: Retrieved enrollment data for 1 patients
[2025-08-20 17:58:11,041] [WARNING] Unexpected pid 2 in latest vitals query result
[2025-08-20 17:58:11,558] [INFO] Patient details fetched successfully for email: prakash@zeoner.com
[2025-08-20 18:01:18,693] [INFO] Starting token and email verification
[2025-08-20 18:01:18,693] [INFO] Validating ID token
[2025-08-20 18:01:18,694] [INFO] Fetching JWKS from Cognito
[2025-08-20 18:01:19,543] [INFO] Token validated for email: prakash@zeoner.com
[2025-08-20 18:01:19,543] [INFO] Email verified successfully: prakash@zeoner.com
[2025-08-20 18:01:19,545] [INFO] Received patient-details request from email: prakash@zeoner.com
[2025-08-20 18:01:22,612] [INFO] Fetching enrollment for 1 patients in batch
[2025-08-20 18:01:23,131] [INFO] ✅ BATCH: Retrieved enrollment data for 1 patients
[2025-08-20 18:01:23,132] [WARNING] jiiiiiii
[2025-08-20 18:01:23,495] [WARNING] Unexpected pid 2 in latest vitals query result
[2025-08-20 18:01:24,015] [INFO] Patient details fetched successfully for email: prakash@zeoner.com
[2025-08-20 18:08:14,202] [INFO] Starting token and email verification
[2025-08-20 18:08:14,204] [INFO] Validating ID token
[2025-08-20 18:08:14,204] [INFO] Fetching JWKS from Cognito
[2025-08-20 18:08:15,156] [INFO] Token validated for email: prakash@zeoner.com
[2025-08-20 18:08:15,157] [INFO] Email verified successfully: prakash@zeoner.com
[2025-08-20 18:08:15,159] [INFO] Received patient-details request from email: prakash@zeoner.com
[2025-08-20 18:08:18,258] [INFO] Fetching enrollment for 1 patients in batch
[2025-08-20 18:08:18,810] [INFO] ✅ BATCH: Retrieved enrollment data for 1 patients
[2025-08-20 18:08:18,864] [ERROR] Error fetching patient details: Textual SQL expression '\n        WITH latest_gluc...' should be explicitly declared as text('\n        WITH latest_gluc...')
Traceback (most recent call last):
  File "C:\Users\arunk\OneDrive\Desktop\new_folder\refresh_health\app\routers\patient_route.py", line 22, in patient_details
    result = await get_patient_details(payload, db, request)
             ^^^^^^^^^^^^^^^^^^^^^^^^^^^^^^^^^^^^^^^^^^^^^^^
  File "C:\Users\arunk\OneDrive\Desktop\new_folder\refresh_health\app\controllers\patient_controller.py", line 31, in get_patient_details
    vitals_data = await get_batch_vitals_data(db=db, patient_ids=[pid])
                  ^^^^^^^^^^^^^^^^^^^^^^^^^^^^^^^^^^^^^^^^^^^^^^^^^^^^^
  File "C:\Users\arunk\OneDrive\Desktop\new_folder\refresh_health\app\services\patients\patient_details_service.py", line 335, in get_batch_vitals_data
    latest_results = await db.execute(latest_vitals_query)
                     ^^^^^^^^^^^^^^^^^^^^^^^^^^^^^^^^^^^^^
  File "C:\Users\arunk\OneDrive\Desktop\new_folder\refresh_health\venv\Lib\site-packages\sqlalchemy\ext\asyncio\session.py", line 463, in execute
    result = await greenlet_spawn(
             ^^^^^^^^^^^^^^^^^^^^^
    ...<6 lines>...
    )
    ^
  File "C:\Users\arunk\OneDrive\Desktop\new_folder\refresh_health\venv\Lib\site-packages\sqlalchemy\util\_concurrency_py3k.py", line 190, in greenlet_spawn
    result = context.switch(*args, **kwargs)
  File "C:\Users\arunk\OneDrive\Desktop\new_folder\refresh_health\venv\Lib\site-packages\sqlalchemy\orm\session.py", line 2365, in execute
    return self._execute_internal(
           ~~~~~~~~~~~~~~~~~~~~~~^
        statement,
        ^^^^^^^^^^
    ...<4 lines>...
        _add_event=_add_event,
        ^^^^^^^^^^^^^^^^^^^^^^
    )
    ^
  File "C:\Users\arunk\OneDrive\Desktop\new_folder\refresh_health\venv\Lib\site-packages\sqlalchemy\orm\session.py", line 2149, in _execute_internal
    statement = coercions.expect(roles.StatementRole, statement)
  File "C:\Users\arunk\OneDrive\Desktop\new_folder\refresh_health\venv\Lib\site-packages\sqlalchemy\sql\coercions.py", line 395, in expect
    resolved = impl._literal_coercion(
        element, argname=argname, **kw
    )
  File "C:\Users\arunk\OneDrive\Desktop\new_folder\refresh_health\venv\Lib\site-packages\sqlalchemy\sql\coercions.py", line 621, in _literal_coercion
    return self._text_coercion(element, argname, **kw)
           ~~~~~~~~~~~~~~~~~~~^^^^^^^^^^^^^^^^^^^^^^^^
  File "C:\Users\arunk\OneDrive\Desktop\new_folder\refresh_health\venv\Lib\site-packages\sqlalchemy\sql\coercions.py", line 614, in _text_coercion
    return _no_text_coercion(element, argname)
  File "C:\Users\arunk\OneDrive\Desktop\new_folder\refresh_health\venv\Lib\site-packages\sqlalchemy\sql\coercions.py", line 584, in _no_text_coercion
    raise exc_cls(
    ...<7 lines>...
    ) from err
sqlalchemy.exc.ArgumentError: Textual SQL expression '\n        WITH latest_gluc...' should be explicitly declared as text('\n        WITH latest_gluc...')
[2025-08-20 18:10:31,319] [INFO] Starting token and email verification
[2025-08-20 18:10:31,321] [INFO] Validating ID token
[2025-08-20 18:10:31,322] [INFO] Fetching JWKS from Cognito
[2025-08-20 18:10:32,128] [INFO] Token validated for email: prakash@zeoner.com
[2025-08-20 18:10:32,130] [INFO] Email verified successfully: prakash@zeoner.com
[2025-08-20 18:10:32,132] [INFO] Received patient-details request from email: prakash@zeoner.com
[2025-08-20 18:10:35,218] [INFO] Fetching enrollment for 1 patients in batch
[2025-08-20 18:10:35,740] [INFO] ✅ BATCH: Retrieved enrollment data for 1 patients
[2025-08-20 18:10:36,083] [ERROR] Error fetching patient details: 2
Traceback (most recent call last):
  File "C:\Users\arunk\OneDrive\Desktop\new_folder\refresh_health\app\routers\patient_route.py", line 22, in patient_details
    result = await get_patient_details(payload, db, request)
             ^^^^^^^^^^^^^^^^^^^^^^^^^^^^^^^^^^^^^^^^^^^^^^^
  File "C:\Users\arunk\OneDrive\Desktop\new_folder\refresh_health\app\controllers\patient_controller.py", line 31, in get_patient_details
    vitals_data = await get_batch_vitals_data(db=db, patient_ids=[pid])
                  ^^^^^^^^^^^^^^^^^^^^^^^^^^^^^^^^^^^^^^^^^^^^^^^^^^^^^
  File "C:\Users\arunk\OneDrive\Desktop\new_folder\refresh_health\app\services\patients\patient_details_service.py", line 338, in get_batch_vitals_data
    vitals_data[pid]['latest'] = {
    ~~~~~~~~~~~^^^^^
KeyError: 2
[2025-08-20 18:11:33,596] [INFO] Starting token and email verification
[2025-08-20 18:11:33,597] [INFO] Validating ID token
[2025-08-20 18:11:33,598] [INFO] Fetching JWKS from Cognito
[2025-08-20 18:11:34,458] [INFO] Token validated for email: prakash@zeoner.com
[2025-08-20 18:11:34,459] [INFO] Email verified successfully: prakash@zeoner.com
[2025-08-20 18:11:34,461] [INFO] Received patient-details request from email: prakash@zeoner.com
[2025-08-20 18:11:37,512] [INFO] Fetching enrollment for 1 patients in batch
[2025-08-20 18:11:38,038] [INFO] ✅ BATCH: Retrieved enrollment data for 1 patients
[2025-08-20 18:11:38,378] [WARNING] Unexpected pid 2 in latest vitals query result
[2025-08-20 18:11:38,899] [INFO] Patient details fetched successfully for email: prakash@zeoner.com
[2025-08-20 18:12:00,596] [INFO] Starting token and email verification
[2025-08-20 18:12:00,598] [INFO] Validating ID token
[2025-08-20 18:12:00,599] [INFO] Fetching JWKS from Cognito
[2025-08-20 18:12:01,446] [INFO] Token validated for email: prakash@zeoner.com
[2025-08-20 18:12:01,447] [INFO] Email verified successfully: prakash@zeoner.com
[2025-08-20 18:12:01,449] [INFO] Received patient-details request from email: prakash@zeoner.com
[2025-08-20 18:12:04,482] [INFO] Fetching enrollment for 1 patients in batch
[2025-08-20 18:12:05,008] [INFO] ✅ BATCH: Retrieved enrollment data for 1 patients
[2025-08-20 18:12:05,358] [WARNING] Unexpected pid 2 in latest vitals query result
[2025-08-20 18:12:05,876] [INFO] Patient details fetched successfully for email: prakash@zeoner.com
[2025-08-20 18:24:28,747] [INFO] Starting token and email verification
[2025-08-20 18:24:28,750] [INFO] Validating ID token
[2025-08-20 18:24:28,751] [INFO] Fetching JWKS from Cognito
[2025-08-20 18:24:29,627] [INFO] Token validated for email: prakash@zeoner.com
[2025-08-20 18:24:29,628] [INFO] Email verified successfully: prakash@zeoner.com
[2025-08-20 18:24:29,630] [INFO] Received patient-details request from email: prakash@zeoner.com
[2025-08-20 18:24:31,654] [ERROR] Error fetching patient details: (pymysql.err.OperationalError) (2003, "Can't connect to MySQL server on '127.0.0.1'")
(Background on this error at: https://sqlalche.me/e/20/e3q8)
Traceback (most recent call last):
  File "C:\Users\arunk\OneDrive\Desktop\new_folder\refresh_health\venv\Lib\site-packages\aiomysql\connection.py", line 527, in _connect
    self._reader, self._writer = await \
                                 ^^^^^^^
    ...<4 lines>...
            timeout=self.connect_timeout)
            ^^^^^^^^^^^^^^^^^^^^^^^^^^^^^
  File "C:\Python313\Lib\asyncio\tasks.py", line 507, in wait_for
    return await fut
           ^^^^^^^^^
  File "C:\Users\arunk\OneDrive\Desktop\new_folder\refresh_health\venv\Lib\site-packages\aiomysql\connection.py", line 88, in _open_connection
    transport, _ = await loop.create_connection(
                   ^^^^^^^^^^^^^^^^^^^^^^^^^^^^^
        lambda: protocol, host, port, **kwds)
        ^^^^^^^^^^^^^^^^^^^^^^^^^^^^^^^^^^^^^
  File "C:\Python313\Lib\asyncio\base_events.py", line 1160, in create_connection
    raise exceptions[0]
  File "C:\Python313\Lib\asyncio\base_events.py", line 1135, in create_connection
    sock = await self._connect_sock(
           ^^^^^^^^^^^^^^^^^^^^^^^^^
        exceptions, addrinfo, laddr_infos)
        ^^^^^^^^^^^^^^^^^^^^^^^^^^^^^^^^^^
  File "C:\Python313\Lib\asyncio\base_events.py", line 1038, in _connect_sock
    await self.sock_connect(sock, address)
  File "C:\Python313\Lib\asyncio\selector_events.py", line 641, in sock_connect
    return await fut
           ^^^^^^^^^
  File "C:\Python313\Lib\asyncio\selector_events.py", line 681, in _sock_connect_cb
    raise OSError(err, f'Connect call failed {address}')
ConnectionRefusedError: [Errno 10061] Connect call failed ('127.0.0.1', 3307)

The above exception was the direct cause of the following exception:

Traceback (most recent call last):
  File "C:\Users\arunk\OneDrive\Desktop\new_folder\refresh_health\venv\Lib\site-packages\sqlalchemy\engine\base.py", line 143, in __init__
    self._dbapi_connection = engine.raw_connection()
                             ~~~~~~~~~~~~~~~~~~~~~^^
  File "C:\Users\arunk\OneDrive\Desktop\new_folder\refresh_health\venv\Lib\site-packages\sqlalchemy\engine\base.py", line 3301, in raw_connection
    return self.pool.connect()
           ~~~~~~~~~~~~~~~~~^^
  File "C:\Users\arunk\OneDrive\Desktop\new_folder\refresh_health\venv\Lib\site-packages\sqlalchemy\pool\base.py", line 447, in connect
    return _ConnectionFairy._checkout(self)
           ~~~~~~~~~~~~~~~~~~~~~~~~~~^^^^^^
  File "C:\Users\arunk\OneDrive\Desktop\new_folder\refresh_health\venv\Lib\site-packages\sqlalchemy\pool\base.py", line 1264, in _checkout
    fairy = _ConnectionRecord.checkout(pool)
  File "C:\Users\arunk\OneDrive\Desktop\new_folder\refresh_health\venv\Lib\site-packages\sqlalchemy\pool\base.py", line 711, in checkout
    rec = pool._do_get()
  File "C:\Users\arunk\OneDrive\Desktop\new_folder\refresh_health\venv\Lib\site-packages\sqlalchemy\pool\impl.py", line 177, in _do_get
    with util.safe_reraise():
         ~~~~~~~~~~~~~~~~~^^
  File "C:\Users\arunk\OneDrive\Desktop\new_folder\refresh_health\venv\Lib\site-packages\sqlalchemy\util\langhelpers.py", line 224, in __exit__
    raise exc_value.with_traceback(exc_tb)
  File "C:\Users\arunk\OneDrive\Desktop\new_folder\refresh_health\venv\Lib\site-packages\sqlalchemy\pool\impl.py", line 175, in _do_get
    return self._create_connection()
           ~~~~~~~~~~~~~~~~~~~~~~~^^
  File "C:\Users\arunk\OneDrive\Desktop\new_folder\refresh_health\venv\Lib\site-packages\sqlalchemy\pool\base.py", line 388, in _create_connection
    return _ConnectionRecord(self)
  File "C:\Users\arunk\OneDrive\Desktop\new_folder\refresh_health\venv\Lib\site-packages\sqlalchemy\pool\base.py", line 673, in __init__
    self.__connect()
    ~~~~~~~~~~~~~~^^
  File "C:\Users\arunk\OneDrive\Desktop\new_folder\refresh_health\venv\Lib\site-packages\sqlalchemy\pool\base.py", line 899, in __connect
    with util.safe_reraise():
         ~~~~~~~~~~~~~~~~~^^
  File "C:\Users\arunk\OneDrive\Desktop\new_folder\refresh_health\venv\Lib\site-packages\sqlalchemy\util\langhelpers.py", line 224, in __exit__
    raise exc_value.with_traceback(exc_tb)
  File "C:\Users\arunk\OneDrive\Desktop\new_folder\refresh_health\venv\Lib\site-packages\sqlalchemy\pool\base.py", line 895, in __connect
    self.dbapi_connection = connection = pool._invoke_creator(self)
                                         ~~~~~~~~~~~~~~~~~~~~^^^^^^
  File "C:\Users\arunk\OneDrive\Desktop\new_folder\refresh_health\venv\Lib\site-packages\sqlalchemy\engine\create.py", line 661, in connect
    return dialect.connect(*cargs, **cparams)
           ~~~~~~~~~~~~~~~^^^^^^^^^^^^^^^^^^^
  File "C:\Users\arunk\OneDrive\Desktop\new_folder\refresh_health\venv\Lib\site-packages\sqlalchemy\engine\default.py", line 629, in connect
    return self.loaded_dbapi.connect(*cargs, **cparams)  # type: ignore[no-any-return]  # NOQA: E501
           ~~~~~~~~~~~~~~~~~~~~~~~~~^^^^^^^^^^^^^^^^^^^
  File "C:\Users\arunk\OneDrive\Desktop\new_folder\refresh_health\venv\Lib\site-packages\sqlalchemy\dialects\mysql\aiomysql.py", line 164, in connect
    await_only(creator_fn(*arg, **kw)),
    ~~~~~~~~~~^^^^^^^^^^^^^^^^^^^^^^^^
  File "C:\Users\arunk\OneDrive\Desktop\new_folder\refresh_health\venv\Lib\site-packages\sqlalchemy\util\_concurrency_py3k.py", line 132, in await_only
    return current.parent.switch(awaitable)  # type: ignore[no-any-return,attr-defined] # noqa: E501
           ~~~~~~~~~~~~~~~~~~~~~^^^^^^^^^^^
  File "C:\Users\arunk\OneDrive\Desktop\new_folder\refresh_health\venv\Lib\site-packages\sqlalchemy\util\_concurrency_py3k.py", line 196, in greenlet_spawn
    value = await result
            ^^^^^^^^^^^^
  File "C:\Users\arunk\OneDrive\Desktop\new_folder\refresh_health\venv\Lib\site-packages\aiomysql\connection.py", line 75, in _connect
    await conn._connect()
  File "C:\Users\arunk\OneDrive\Desktop\new_folder\refresh_health\venv\Lib\site-packages\aiomysql\connection.py", line 563, in _connect
    raise OperationalError(
    ...<2 lines>...
    ) from e
pymysql.err.OperationalError: (2003, "Can't connect to MySQL server on '127.0.0.1'")

The above exception was the direct cause of the following exception:

Traceback (most recent call last):
  File "C:\Users\arunk\OneDrive\Desktop\new_folder\refresh_health\app\routers\patient_route.py", line 22, in patient_details
    result = await get_patient_details(payload, db, request)
             ^^^^^^^^^^^^^^^^^^^^^^^^^^^^^^^^^^^^^^^^^^^^^^^
  File "C:\Users\arunk\OneDrive\Desktop\new_folder\refresh_health\app\controllers\patient_controller.py", line 19, in get_patient_details
    result = await db.execute(select(PatientData).where(PatientData.pid == pid))
             ^^^^^^^^^^^^^^^^^^^^^^^^^^^^^^^^^^^^^^^^^^^^^^^^^^^^^^^^^^^^^^^^^^^
  File "C:\Users\arunk\OneDrive\Desktop\new_folder\refresh_health\venv\Lib\site-packages\sqlalchemy\ext\asyncio\session.py", line 463, in execute
    result = await greenlet_spawn(
             ^^^^^^^^^^^^^^^^^^^^^
    ...<6 lines>...
    )
    ^
  File "C:\Users\arunk\OneDrive\Desktop\new_folder\refresh_health\venv\Lib\site-packages\sqlalchemy\util\_concurrency_py3k.py", line 201, in greenlet_spawn
    result = context.throw(*sys.exc_info())
  File "C:\Users\arunk\OneDrive\Desktop\new_folder\refresh_health\venv\Lib\site-packages\sqlalchemy\orm\session.py", line 2365, in execute
    return self._execute_internal(
           ~~~~~~~~~~~~~~~~~~~~~~^
        statement,
        ^^^^^^^^^^
    ...<4 lines>...
        _add_event=_add_event,
        ^^^^^^^^^^^^^^^^^^^^^^
    )
    ^
  File "C:\Users\arunk\OneDrive\Desktop\new_folder\refresh_health\venv\Lib\site-packages\sqlalchemy\orm\session.py", line 2241, in _execute_internal
    conn = self._connection_for_bind(bind)
  File "C:\Users\arunk\OneDrive\Desktop\new_folder\refresh_health\venv\Lib\site-packages\sqlalchemy\orm\session.py", line 2110, in _connection_for_bind
    return trans._connection_for_bind(engine, execution_options)
           ~~~~~~~~~~~~~~~~~~~~~~~~~~^^^^^^^^^^^^^^^^^^^^^^^^^^^
  File "<string>", line 2, in _connection_for_bind
  File "C:\Users\arunk\OneDrive\Desktop\new_folder\refresh_health\venv\Lib\site-packages\sqlalchemy\orm\state_changes.py", line 137, in _go
    ret_value = fn(self, *arg, **kw)
  File "C:\Users\arunk\OneDrive\Desktop\new_folder\refresh_health\venv\Lib\site-packages\sqlalchemy\orm\session.py", line 1189, in _connection_for_bind
    conn = bind.connect()
  File "C:\Users\arunk\OneDrive\Desktop\new_folder\refresh_health\venv\Lib\site-packages\sqlalchemy\engine\base.py", line 3277, in connect
    return self._connection_cls(self)
           ~~~~~~~~~~~~~~~~~~~~^^^^^^
  File "C:\Users\arunk\OneDrive\Desktop\new_folder\refresh_health\venv\Lib\site-packages\sqlalchemy\engine\base.py", line 145, in __init__
    Connection._handle_dbapi_exception_noconnection(
    ~~~~~~~~~~~~~~~~~~~~~~~~~~~~~~~~~~~~~~~~~~~~~~~^
        err, dialect, engine
        ^^^^^^^^^^^^^^^^^^^^
    )
    ^
  File "C:\Users\arunk\OneDrive\Desktop\new_folder\refresh_health\venv\Lib\site-packages\sqlalchemy\engine\base.py", line 2440, in _handle_dbapi_exception_noconnection
    raise sqlalchemy_exception.with_traceback(exc_info[2]) from e
  File "C:\Users\arunk\OneDrive\Desktop\new_folder\refresh_health\venv\Lib\site-packages\sqlalchemy\engine\base.py", line 143, in __init__
    self._dbapi_connection = engine.raw_connection()
                             ~~~~~~~~~~~~~~~~~~~~~^^
  File "C:\Users\arunk\OneDrive\Desktop\new_folder\refresh_health\venv\Lib\site-packages\sqlalchemy\engine\base.py", line 3301, in raw_connection
    return self.pool.connect()
           ~~~~~~~~~~~~~~~~~^^
  File "C:\Users\arunk\OneDrive\Desktop\new_folder\refresh_health\venv\Lib\site-packages\sqlalchemy\pool\base.py", line 447, in connect
    return _ConnectionFairy._checkout(self)
           ~~~~~~~~~~~~~~~~~~~~~~~~~~^^^^^^
  File "C:\Users\arunk\OneDrive\Desktop\new_folder\refresh_health\venv\Lib\site-packages\sqlalchemy\pool\base.py", line 1264, in _checkout
    fairy = _ConnectionRecord.checkout(pool)
  File "C:\Users\arunk\OneDrive\Desktop\new_folder\refresh_health\venv\Lib\site-packages\sqlalchemy\pool\base.py", line 711, in checkout
    rec = pool._do_get()
  File "C:\Users\arunk\OneDrive\Desktop\new_folder\refresh_health\venv\Lib\site-packages\sqlalchemy\pool\impl.py", line 177, in _do_get
    with util.safe_reraise():
         ~~~~~~~~~~~~~~~~~^^
  File "C:\Users\arunk\OneDrive\Desktop\new_folder\refresh_health\venv\Lib\site-packages\sqlalchemy\util\langhelpers.py", line 224, in __exit__
    raise exc_value.with_traceback(exc_tb)
  File "C:\Users\arunk\OneDrive\Desktop\new_folder\refresh_health\venv\Lib\site-packages\sqlalchemy\pool\impl.py", line 175, in _do_get
    return self._create_connection()
           ~~~~~~~~~~~~~~~~~~~~~~~^^
  File "C:\Users\arunk\OneDrive\Desktop\new_folder\refresh_health\venv\Lib\site-packages\sqlalchemy\pool\base.py", line 388, in _create_connection
    return _ConnectionRecord(self)
  File "C:\Users\arunk\OneDrive\Desktop\new_folder\refresh_health\venv\Lib\site-packages\sqlalchemy\pool\base.py", line 673, in __init__
    self.__connect()
    ~~~~~~~~~~~~~~^^
  File "C:\Users\arunk\OneDrive\Desktop\new_folder\refresh_health\venv\Lib\site-packages\sqlalchemy\pool\base.py", line 899, in __connect
    with util.safe_reraise():
         ~~~~~~~~~~~~~~~~~^^
  File "C:\Users\arunk\OneDrive\Desktop\new_folder\refresh_health\venv\Lib\site-packages\sqlalchemy\util\langhelpers.py", line 224, in __exit__
    raise exc_value.with_traceback(exc_tb)
  File "C:\Users\arunk\OneDrive\Desktop\new_folder\refresh_health\venv\Lib\site-packages\sqlalchemy\pool\base.py", line 895, in __connect
    self.dbapi_connection = connection = pool._invoke_creator(self)
                                         ~~~~~~~~~~~~~~~~~~~~^^^^^^
  File "C:\Users\arunk\OneDrive\Desktop\new_folder\refresh_health\venv\Lib\site-packages\sqlalchemy\engine\create.py", line 661, in connect
    return dialect.connect(*cargs, **cparams)
           ~~~~~~~~~~~~~~~^^^^^^^^^^^^^^^^^^^
  File "C:\Users\arunk\OneDrive\Desktop\new_folder\refresh_health\venv\Lib\site-packages\sqlalchemy\engine\default.py", line 629, in connect
    return self.loaded_dbapi.connect(*cargs, **cparams)  # type: ignore[no-any-return]  # NOQA: E501
           ~~~~~~~~~~~~~~~~~~~~~~~~~^^^^^^^^^^^^^^^^^^^
  File "C:\Users\arunk\OneDrive\Desktop\new_folder\refresh_health\venv\Lib\site-packages\sqlalchemy\dialects\mysql\aiomysql.py", line 164, in connect
    await_only(creator_fn(*arg, **kw)),
    ~~~~~~~~~~^^^^^^^^^^^^^^^^^^^^^^^^
  File "C:\Users\arunk\OneDrive\Desktop\new_folder\refresh_health\venv\Lib\site-packages\sqlalchemy\util\_concurrency_py3k.py", line 132, in await_only
    return current.parent.switch(awaitable)  # type: ignore[no-any-return,attr-defined] # noqa: E501
           ~~~~~~~~~~~~~~~~~~~~~^^^^^^^^^^^
  File "C:\Users\arunk\OneDrive\Desktop\new_folder\refresh_health\venv\Lib\site-packages\sqlalchemy\util\_concurrency_py3k.py", line 196, in greenlet_spawn
    value = await result
            ^^^^^^^^^^^^
  File "C:\Users\arunk\OneDrive\Desktop\new_folder\refresh_health\venv\Lib\site-packages\aiomysql\connection.py", line 75, in _connect
    await conn._connect()
  File "C:\Users\arunk\OneDrive\Desktop\new_folder\refresh_health\venv\Lib\site-packages\aiomysql\connection.py", line 563, in _connect
    raise OperationalError(
    ...<2 lines>...
    ) from e
sqlalchemy.exc.OperationalError: (pymysql.err.OperationalError) (2003, "Can't connect to MySQL server on '127.0.0.1'")
(Background on this error at: https://sqlalche.me/e/20/e3q8)
[2025-08-20 18:24:49,845] [INFO] Starting token and email verification
[2025-08-20 18:24:49,846] [INFO] Validating ID token
[2025-08-20 18:24:49,846] [INFO] Fetching JWKS from Cognito
[2025-08-20 18:24:50,619] [INFO] Token validated for email: prakash@zeoner.com
[2025-08-20 18:24:50,621] [INFO] Email verified successfully: prakash@zeoner.com
[2025-08-20 18:24:50,625] [INFO] Received patient-details request from email: prakash@zeoner.com
[2025-08-20 18:24:53,729] [INFO] Fetching enrollment for 1 patients in batch
[2025-08-20 18:24:54,253] [INFO] ✅ BATCH: Retrieved enrollment data for 1 patients
[2025-08-20 18:24:54,594] [ERROR] Error fetching patient details: 2
Traceback (most recent call last):
  File "C:\Users\arunk\OneDrive\Desktop\new_folder\refresh_health\app\routers\patient_route.py", line 22, in patient_details
    result = await get_patient_details(payload, db, request)
             ^^^^^^^^^^^^^^^^^^^^^^^^^^^^^^^^^^^^^^^^^^^^^^^
  File "C:\Users\arunk\OneDrive\Desktop\new_folder\refresh_health\app\controllers\patient_controller.py", line 31, in get_patient_details
    vitals_data = await get_batch_vitals_data(db, [pid])
                  ^^^^^^^^^^^^^^^^^^^^^^^^^^^^^^^^^^^^^^
  File "C:\Users\arunk\OneDrive\Desktop\new_folder\refresh_health\app\services\patients\patient_details_service.py", line 327, in get_batch_vitals_data
    vitals_data[pid]["latest"] = {
    ~~~~~~~~~~~^^^^^
KeyError: 2
[2025-08-20 18:30:20,790] [INFO] Starting token and email verification
[2025-08-20 18:30:20,791] [INFO] Validating ID token
[2025-08-20 18:30:20,792] [INFO] Fetching JWKS from Cognito
[2025-08-20 18:30:21,884] [INFO] Token validated for email: prakash@zeoner.com
[2025-08-20 18:30:21,884] [INFO] Email verified successfully: prakash@zeoner.com
[2025-08-20 18:30:21,885] [INFO] Received patient-details request from email: prakash@zeoner.com
[2025-08-20 18:30:24,999] [INFO] Fetching enrollment for 1 patients in batch
[2025-08-20 18:30:25,530] [INFO] ✅ BATCH: Retrieved enrollment data for 1 patients
[2025-08-20 18:30:25,882] [ERROR] Error fetching patient details: 2
Traceback (most recent call last):
  File "C:\Users\arunk\OneDrive\Desktop\new_folder\refresh_health\app\routers\patient_route.py", line 22, in patient_details
    result = await get_patient_details(payload, db, request)
             ^^^^^^^^^^^^^^^^^^^^^^^^^^^^^^^^^^^^^^^^^^^^^^^
  File "C:\Users\arunk\OneDrive\Desktop\new_folder\refresh_health\app\controllers\patient_controller.py", line 31, in get_patient_details
    vitals_data = await get_batch_vitals_data(db, [pid])
                  ^^^^^^^^^^^^^^^^^^^^^^^^^^^^^^^^^^^^^^
  File "C:\Users\arunk\OneDrive\Desktop\new_folder\refresh_health\app\services\patients\patient_details_service.py", line 328, in get_batch_vitals_data
    vitals_data[pid]["latest"] = {
    ~~~~~~~~~~~^^^^^
KeyError: 2
[2025-08-20 18:34:20,415] [INFO] Starting token and email verification
[2025-08-20 18:34:20,416] [INFO] Validating ID token
[2025-08-20 18:34:20,417] [INFO] Fetching JWKS from Cognito
[2025-08-20 18:34:21,320] [INFO] Token validated for email: prakash@zeoner.com
[2025-08-20 18:34:21,350] [WARNING] Email mismatch: token email (prakash@zeoner.com) vs request email (vijayalakshmi@zeoner.com)
[2025-08-20 18:34:27,585] [INFO] Starting token and email verification
[2025-08-20 18:34:27,586] [INFO] Validating ID token
[2025-08-20 18:34:27,586] [INFO] Fetching JWKS from Cognito
[2025-08-20 18:34:28,427] [INFO] Token validated for email: prakash@zeoner.com
[2025-08-20 18:34:28,428] [INFO] Email verified successfully: prakash@zeoner.com
[2025-08-20 18:34:28,430] [INFO] Received patient-details request from email: prakash@zeoner.com
[2025-08-20 18:34:31,500] [INFO] Fetching enrollment for 1 patients in batch
[2025-08-20 18:34:32,020] [INFO] ✅ BATCH: Retrieved enrollment data for 1 patients
[2025-08-20 18:34:32,886] [INFO] Patient details fetched successfully for email: prakash@zeoner.com
[2025-08-20 18:34:32,889] [ERROR] Error fetching patient details: Object of type Decimal is not JSON serializable
Traceback (most recent call last):
  File "C:\Users\arunk\OneDrive\Desktop\new_folder\refresh_health\app\routers\patient_route.py", line 24, in patient_details
    return create_success_response(result, "Patient details fetched successfully")
  File "C:\Users\arunk\OneDrive\Desktop\new_folder\refresh_health\app\utils\response_utils.py", line 31, in create_success_response
    return JSONResponse(status_code=status_code, content=content)
  File "C:\Users\arunk\OneDrive\Desktop\new_folder\refresh_health\venv\Lib\site-packages\starlette\responses.py", line 190, in __init__
    super().__init__(content, status_code, headers, media_type, background)
    ~~~~~~~~~~~~~~~~^^^^^^^^^^^^^^^^^^^^^^^^^^^^^^^^^^^^^^^^^^^^^^^^^^^^^^^
  File "C:\Users\arunk\OneDrive\Desktop\new_folder\refresh_health\venv\Lib\site-packages\starlette\responses.py", line 47, in __init__
    self.body = self.render(content)
                ~~~~~~~~~~~^^^^^^^^^
  File "C:\Users\arunk\OneDrive\Desktop\new_folder\refresh_health\venv\Lib\site-packages\starlette\responses.py", line 193, in render
    return json.dumps(
           ~~~~~~~~~~^
        content,
        ^^^^^^^^
    ...<3 lines>...
        separators=(",", ":"),
        ^^^^^^^^^^^^^^^^^^^^^^
    ).encode("utf-8")
    ^
  File "C:\Python313\Lib\json\__init__.py", line 238, in dumps
    **kw).encode(obj)
          ~~~~~~^^^^^
  File "C:\Python313\Lib\json\encoder.py", line 200, in encode
    chunks = self.iterencode(o, _one_shot=True)
  File "C:\Python313\Lib\json\encoder.py", line 261, in iterencode
    return _iterencode(o, 0)
  File "C:\Python313\Lib\json\encoder.py", line 180, in default
    raise TypeError(f'Object of type {o.__class__.__name__} '
                    f'is not JSON serializable')
TypeError: Object of type Decimal is not JSON serializable
[2025-08-20 18:36:39,878] [INFO] Starting token and email verification
[2025-08-20 18:36:39,880] [INFO] Validating ID token
[2025-08-20 18:36:39,881] [INFO] Fetching JWKS from Cognito
[2025-08-20 18:36:40,714] [INFO] Token validated for email: prakash@zeoner.com
[2025-08-20 18:36:40,715] [INFO] Email verified successfully: prakash@zeoner.com
[2025-08-20 18:36:40,715] [INFO] Received patient-details request from email: prakash@zeoner.com
[2025-08-20 18:36:43,776] [INFO] Fetching enrollment for 1 patients in batch
[2025-08-20 18:36:44,299] [INFO] ✅ BATCH: Retrieved enrollment data for 1 patients
[2025-08-20 18:36:45,160] [INFO] Patient details fetched successfully for email: prakash@zeoner.com
[2025-08-20 18:36:45,161] [ERROR] Error fetching patient details: Object of type datetime is not JSON serializable
Traceback (most recent call last):
  File "C:\Users\arunk\OneDrive\Desktop\new_folder\refresh_health\app\routers\patient_route.py", line 24, in patient_details
    return create_success_response(result, "Patient details fetched successfully")
  File "C:\Users\arunk\OneDrive\Desktop\new_folder\refresh_health\app\utils\response_utils.py", line 31, in create_success_response
    return JSONResponse(status_code=status_code, content=content)
  File "C:\Users\arunk\OneDrive\Desktop\new_folder\refresh_health\venv\Lib\site-packages\starlette\responses.py", line 190, in __init__
    super().__init__(content, status_code, headers, media_type, background)
    ~~~~~~~~~~~~~~~~^^^^^^^^^^^^^^^^^^^^^^^^^^^^^^^^^^^^^^^^^^^^^^^^^^^^^^^
  File "C:\Users\arunk\OneDrive\Desktop\new_folder\refresh_health\venv\Lib\site-packages\starlette\responses.py", line 47, in __init__
    self.body = self.render(content)
                ~~~~~~~~~~~^^^^^^^^^
  File "C:\Users\arunk\OneDrive\Desktop\new_folder\refresh_health\venv\Lib\site-packages\starlette\responses.py", line 193, in render
    return json.dumps(
           ~~~~~~~~~~^
        content,
        ^^^^^^^^
    ...<3 lines>...
        separators=(",", ":"),
        ^^^^^^^^^^^^^^^^^^^^^^
    ).encode("utf-8")
    ^
  File "C:\Python313\Lib\json\__init__.py", line 238, in dumps
    **kw).encode(obj)
          ~~~~~~^^^^^
  File "C:\Python313\Lib\json\encoder.py", line 200, in encode
    chunks = self.iterencode(o, _one_shot=True)
  File "C:\Python313\Lib\json\encoder.py", line 261, in iterencode
    return _iterencode(o, 0)
  File "C:\Python313\Lib\json\encoder.py", line 180, in default
    raise TypeError(f'Object of type {o.__class__.__name__} '
                    f'is not JSON serializable')
TypeError: Object of type datetime is not JSON serializable
[2025-08-20 18:37:28,280] [INFO] Starting token and email verification
[2025-08-20 18:37:28,280] [INFO] Validating ID token
[2025-08-20 18:37:28,281] [INFO] Fetching JWKS from Cognito
[2025-08-20 18:37:29,131] [INFO] Token validated for email: prakash@zeoner.com
[2025-08-20 18:37:29,132] [INFO] Email verified successfully: prakash@zeoner.com
[2025-08-20 18:37:29,133] [INFO] Received patient-details request from email: prakash@zeoner.com
[2025-08-20 18:37:32,187] [INFO] Fetching enrollment for 1 patients in batch
[2025-08-20 18:37:32,712] [INFO] ✅ BATCH: Retrieved enrollment data for 1 patients
[2025-08-20 18:37:34,498] [INFO] Patient details fetched successfully for email: prakash@zeoner.com
[2025-08-20 18:37:34,501] [ERROR] Error fetching patient details: Object of type InstanceState is not JSON serializable
Traceback (most recent call last):
  File "C:\Users\arunk\OneDrive\Desktop\new_folder\refresh_health\app\routers\patient_route.py", line 24, in patient_details
    return create_success_response(result, "Patient details fetched successfully")
  File "C:\Users\arunk\OneDrive\Desktop\new_folder\refresh_health\app\utils\response_utils.py", line 31, in create_success_response
    return JSONResponse(status_code=status_code, content=content)
  File "C:\Users\arunk\OneDrive\Desktop\new_folder\refresh_health\venv\Lib\site-packages\starlette\responses.py", line 190, in __init__
    super().__init__(content, status_code, headers, media_type, background)
    ~~~~~~~~~~~~~~~~^^^^^^^^^^^^^^^^^^^^^^^^^^^^^^^^^^^^^^^^^^^^^^^^^^^^^^^
  File "C:\Users\arunk\OneDrive\Desktop\new_folder\refresh_health\venv\Lib\site-packages\starlette\responses.py", line 47, in __init__
    self.body = self.render(content)
                ~~~~~~~~~~~^^^^^^^^^
  File "C:\Users\arunk\OneDrive\Desktop\new_folder\refresh_health\venv\Lib\site-packages\starlette\responses.py", line 193, in render
    return json.dumps(
           ~~~~~~~~~~^
        content,
        ^^^^^^^^
    ...<3 lines>...
        separators=(",", ":"),
        ^^^^^^^^^^^^^^^^^^^^^^
    ).encode("utf-8")
    ^
  File "C:\Python313\Lib\json\__init__.py", line 238, in dumps
    **kw).encode(obj)
          ~~~~~~^^^^^
  File "C:\Python313\Lib\json\encoder.py", line 200, in encode
    chunks = self.iterencode(o, _one_shot=True)
  File "C:\Python313\Lib\json\encoder.py", line 261, in iterencode
    return _iterencode(o, 0)
  File "C:\Python313\Lib\json\encoder.py", line 180, in default
    raise TypeError(f'Object of type {o.__class__.__name__} '
                    f'is not JSON serializable')
TypeError: Object of type InstanceState is not JSON serializable
[2025-08-20 18:39:24,850] [INFO] Starting token and email verification
[2025-08-20 18:39:24,857] [INFO] Validating ID token
[2025-08-20 18:39:24,858] [INFO] Fetching JWKS from Cognito
[2025-08-20 18:39:25,724] [INFO] Token validated for email: prakash@zeoner.com
[2025-08-20 18:39:25,727] [INFO] Email verified successfully: prakash@zeoner.com
[2025-08-20 18:39:25,729] [INFO] Received patient-details request from email: prakash@zeoner.com
[2025-08-20 18:39:28,783] [INFO] Fetching enrollment for 1 patients in batch
[2025-08-20 18:39:29,303] [INFO] ✅ BATCH: Retrieved enrollment data for 1 patients
[2025-08-20 18:39:31,013] [INFO] Patient details fetched successfully for email: prakash@zeoner.com
[2025-08-20 18:39:31,015] [ERROR] Error fetching patient details: 'utf-8' codec can't decode byte 0x97 in position 0: invalid start byte
Traceback (most recent call last):
  File "C:\Users\arunk\OneDrive\Desktop\new_folder\refresh_health\app\routers\patient_route.py", line 25, in patient_details
    return create_success_response(jsonable_encoder(result), "Patient details fetched successfully")
                                   ~~~~~~~~~~~~~~~~^^^^^^^^
  File "C:\Users\arunk\OneDrive\Desktop\new_folder\refresh_health\venv\Lib\site-packages\fastapi\encoders.py", line 289, in jsonable_encoder
    encoded_value = jsonable_encoder(
        value,
    ...<4 lines>...
        sqlalchemy_safe=sqlalchemy_safe,
    )
  File "C:\Users\arunk\OneDrive\Desktop\new_folder\refresh_health\venv\Lib\site-packages\fastapi\encoders.py", line 303, in jsonable_encoder
    jsonable_encoder(
    ~~~~~~~~~~~~~~~~^
        item,
        ^^^^^
    ...<7 lines>...
        sqlalchemy_safe=sqlalchemy_safe,
        ^^^^^^^^^^^^^^^^^^^^^^^^^^^^^^^^
    )
    ^
  File "C:\Users\arunk\OneDrive\Desktop\new_folder\refresh_health\venv\Lib\site-packages\fastapi\encoders.py", line 289, in jsonable_encoder
    encoded_value = jsonable_encoder(
        value,
    ...<4 lines>...
        sqlalchemy_safe=sqlalchemy_safe,
    )
  File "C:\Users\arunk\OneDrive\Desktop\new_folder\refresh_health\venv\Lib\site-packages\fastapi\encoders.py", line 318, in jsonable_encoder
    return ENCODERS_BY_TYPE[type(obj)](obj)
           ~~~~~~~~~~~~~~~~~~~~~~~~~~~^^^^^
  File "C:\Users\arunk\OneDrive\Desktop\new_folder\refresh_health\venv\Lib\site-packages\fastapi\encoders.py", line 59, in <lambda>
    bytes: lambda o: o.decode(),
                     ~~~~~~~~^^
UnicodeDecodeError: 'utf-8' codec can't decode byte 0x97 in position 0: invalid start byte
[2025-08-20 18:42:33,076] [INFO] Starting token and email verification
[2025-08-20 18:42:33,078] [INFO] Validating ID token
[2025-08-20 18:42:33,078] [INFO] Fetching JWKS from Cognito
[2025-08-20 18:42:33,938] [INFO] Token validated for email: prakash@zeoner.com
[2025-08-20 18:42:33,939] [INFO] Email verified successfully: prakash@zeoner.com
[2025-08-20 18:42:33,940] [INFO] Received patient-details request from email: prakash@zeoner.com
[2025-08-20 18:42:37,042] [INFO] Fetching enrollment for 1 patients in batch
[2025-08-20 18:42:37,562] [INFO] ✅ BATCH: Retrieved enrollment data for 1 patients
[2025-08-20 18:42:39,311] [INFO] Patient details fetched successfully for email: prakash@zeoner.com
[2025-08-20 18:42:39,313] [ERROR] Error fetching patient details: Object of type InstanceState is not JSON serializable
Traceback (most recent call last):
  File "C:\Users\arunk\OneDrive\Desktop\new_folder\refresh_health\app\routers\patient_route.py", line 24, in patient_details
    return create_success_response(result, "Patient details fetched successfully")
  File "C:\Users\arunk\OneDrive\Desktop\new_folder\refresh_health\app\utils\response_utils.py", line 31, in create_success_response
    return JSONResponse(status_code=status_code, content=content)
  File "C:\Users\arunk\OneDrive\Desktop\new_folder\refresh_health\venv\Lib\site-packages\starlette\responses.py", line 190, in __init__
    super().__init__(content, status_code, headers, media_type, background)
    ~~~~~~~~~~~~~~~~^^^^^^^^^^^^^^^^^^^^^^^^^^^^^^^^^^^^^^^^^^^^^^^^^^^^^^^
  File "C:\Users\arunk\OneDrive\Desktop\new_folder\refresh_health\venv\Lib\site-packages\starlette\responses.py", line 47, in __init__
    self.body = self.render(content)
                ~~~~~~~~~~~^^^^^^^^^
  File "C:\Users\arunk\OneDrive\Desktop\new_folder\refresh_health\venv\Lib\site-packages\starlette\responses.py", line 193, in render
    return json.dumps(
           ~~~~~~~~~~^
        content,
        ^^^^^^^^
    ...<3 lines>...
        separators=(",", ":"),
        ^^^^^^^^^^^^^^^^^^^^^^
    ).encode("utf-8")
    ^
  File "C:\Python313\Lib\json\__init__.py", line 238, in dumps
    **kw).encode(obj)
          ~~~~~~^^^^^
  File "C:\Python313\Lib\json\encoder.py", line 200, in encode
    chunks = self.iterencode(o, _one_shot=True)
  File "C:\Python313\Lib\json\encoder.py", line 261, in iterencode
    return _iterencode(o, 0)
  File "C:\Python313\Lib\json\encoder.py", line 180, in default
    raise TypeError(f'Object of type {o.__class__.__name__} '
                    f'is not JSON serializable')
TypeError: Object of type InstanceState is not JSON serializable
[2025-08-20 18:44:09,921] [INFO] Starting token and email verification
[2025-08-20 18:44:09,923] [INFO] Validating ID token
[2025-08-20 18:44:09,924] [INFO] Fetching JWKS from Cognito
[2025-08-20 18:44:11,076] [INFO] Token validated for email: prakash@zeoner.com
[2025-08-20 18:44:11,077] [INFO] Email verified successfully: prakash@zeoner.com
[2025-08-20 18:44:11,080] [INFO] Received patient-details request from email: prakash@zeoner.com
[2025-08-20 18:44:14,143] [INFO] Fetching enrollment for 1 patients in batch
[2025-08-20 18:44:14,663] [INFO] ✅ BATCH: Retrieved enrollment data for 1 patients
[2025-08-20 18:49:50,194] [INFO] Starting token and email verification
[2025-08-20 18:49:50,195] [INFO] Validating ID token
[2025-08-20 18:49:50,195] [INFO] Fetching JWKS from Cognito
[2025-08-20 18:49:51,300] [WARNING] Token signature expired
[2025-08-20 18:49:58,343] [INFO] Token received: seRs1I,r,QjKOAhUkCnQF7N7oTozLmP,hky6iiMHGd9hVJB,..., site: dev
[2025-08-20 18:50:01,504] [INFO] Authenticating with Cognito
[2025-08-20 18:50:03,949] [INFO] Cognito authentication successful
[2025-08-20 18:50:13,570] [INFO] Starting token and email verification
[2025-08-20 18:50:13,571] [INFO] Validating ID token
[2025-08-20 18:50:13,572] [INFO] Fetching JWKS from Cognito
[2025-08-20 18:50:14,355] [INFO] Token validated for email: prakash@zeoner.com
[2025-08-20 18:50:14,356] [INFO] Email verified successfully: prakash@zeoner.com
[2025-08-20 18:50:14,357] [INFO] Received patient-details request from email: prakash@zeoner.com
[2025-08-20 18:50:14,899] [INFO] Fetching enrollment for 1 patients in batch
[2025-08-20 18:50:15,420] [INFO] ✅ BATCH: Retrieved enrollment data for 1 patients
[2025-08-20 18:50:17,148] [INFO] Patient details fetched successfully for email: prakash@zeoner.com
[2025-08-20 18:50:17,158] [ERROR] Error fetching patient details: Object of type datetime is not JSON serializable
Traceback (most recent call last):
  File "C:\Users\arunk\OneDrive\Desktop\new_folder\refresh_health\app\routers\patient_route.py", line 24, in patient_details
    return create_success_response(result, "Patient details fetched successfully")
  File "C:\Users\arunk\OneDrive\Desktop\new_folder\refresh_health\app\utils\response_utils.py", line 31, in create_success_response
    return JSONResponse(status_code=status_code, content=content)
  File "C:\Users\arunk\OneDrive\Desktop\new_folder\refresh_health\venv\Lib\site-packages\starlette\responses.py", line 190, in __init__
    super().__init__(content, status_code, headers, media_type, background)
    ~~~~~~~~~~~~~~~~^^^^^^^^^^^^^^^^^^^^^^^^^^^^^^^^^^^^^^^^^^^^^^^^^^^^^^^
  File "C:\Users\arunk\OneDrive\Desktop\new_folder\refresh_health\venv\Lib\site-packages\starlette\responses.py", line 47, in __init__
    self.body = self.render(content)
                ~~~~~~~~~~~^^^^^^^^^
  File "C:\Users\arunk\OneDrive\Desktop\new_folder\refresh_health\venv\Lib\site-packages\starlette\responses.py", line 193, in render
    return json.dumps(
           ~~~~~~~~~~^
        content,
        ^^^^^^^^
    ...<3 lines>...
        separators=(",", ":"),
        ^^^^^^^^^^^^^^^^^^^^^^
    ).encode("utf-8")
    ^
  File "C:\Python313\Lib\json\__init__.py", line 238, in dumps
    **kw).encode(obj)
          ~~~~~~^^^^^
  File "C:\Python313\Lib\json\encoder.py", line 200, in encode
    chunks = self.iterencode(o, _one_shot=True)
  File "C:\Python313\Lib\json\encoder.py", line 261, in iterencode
    return _iterencode(o, 0)
  File "C:\Python313\Lib\json\encoder.py", line 180, in default
    raise TypeError(f'Object of type {o.__class__.__name__} '
                    f'is not JSON serializable')
TypeError: Object of type datetime is not JSON serializable
[2025-08-20 18:55:39,537] [INFO] Starting token and email verification
[2025-08-20 18:55:39,541] [INFO] Validating ID token
[2025-08-20 18:55:39,541] [INFO] Fetching JWKS from Cognito
[2025-08-20 18:55:40,539] [INFO] Token validated for email: prakash@zeoner.com
[2025-08-20 18:55:40,540] [INFO] Email verified successfully: prakash@zeoner.com
[2025-08-20 18:55:40,541] [INFO] Received patient-details request from email: prakash@zeoner.com
[2025-08-20 18:55:43,991] [INFO] Fetching enrollment for 1 patients in batch
[2025-08-20 18:55:44,564] [INFO] ✅ BATCH: Retrieved enrollment data for 1 patients
[2025-08-20 18:55:46,405] [INFO] Patient details fetched successfully for email: prakash@zeoner.com
[2025-08-20 18:55:46,428] [ERROR] Error fetching patient details: Object of type bytes is not JSON serializable
Traceback (most recent call last):
  File "C:\Users\arunk\OneDrive\Desktop\new_folder\refresh_health\app\routers\patient_route.py", line 24, in patient_details
    return create_success_response(result, "Patient details fetched successfully")
  File "C:\Users\arunk\OneDrive\Desktop\new_folder\refresh_health\app\utils\response_utils.py", line 31, in create_success_response
    return JSONResponse(status_code=status_code, content=content)
  File "C:\Users\arunk\OneDrive\Desktop\new_folder\refresh_health\venv\Lib\site-packages\starlette\responses.py", line 190, in __init__
    super().__init__(content, status_code, headers, media_type, background)
    ~~~~~~~~~~~~~~~~^^^^^^^^^^^^^^^^^^^^^^^^^^^^^^^^^^^^^^^^^^^^^^^^^^^^^^^
  File "C:\Users\arunk\OneDrive\Desktop\new_folder\refresh_health\venv\Lib\site-packages\starlette\responses.py", line 47, in __init__
    self.body = self.render(content)
                ~~~~~~~~~~~^^^^^^^^^
  File "C:\Users\arunk\OneDrive\Desktop\new_folder\refresh_health\venv\Lib\site-packages\starlette\responses.py", line 193, in render
    return json.dumps(
           ~~~~~~~~~~^
        content,
        ^^^^^^^^
    ...<3 lines>...
        separators=(",", ":"),
        ^^^^^^^^^^^^^^^^^^^^^^
    ).encode("utf-8")
    ^
  File "C:\Python313\Lib\json\__init__.py", line 238, in dumps
    **kw).encode(obj)
          ~~~~~~^^^^^
  File "C:\Python313\Lib\json\encoder.py", line 200, in encode
    chunks = self.iterencode(o, _one_shot=True)
  File "C:\Python313\Lib\json\encoder.py", line 261, in iterencode
    return _iterencode(o, 0)
  File "C:\Python313\Lib\json\encoder.py", line 180, in default
    raise TypeError(f'Object of type {o.__class__.__name__} '
                    f'is not JSON serializable')
TypeError: Object of type bytes is not JSON serializable
[2025-08-20 19:00:27,902] [INFO] Starting token and email verification
[2025-08-20 19:00:27,907] [INFO] Validating ID token
[2025-08-20 19:00:27,908] [INFO] Fetching JWKS from Cognito
[2025-08-20 19:00:28,910] [INFO] Token validated for email: prakash@zeoner.com
[2025-08-20 19:00:28,914] [INFO] Email verified successfully: prakash@zeoner.com
[2025-08-20 19:00:28,918] [INFO] Received patient-details request from email: prakash@zeoner.com
[2025-08-20 19:00:32,667] [INFO] Fetching enrollment for 1 patients in batch
[2025-08-20 19:00:33,275] [INFO] ✅ BATCH: Retrieved enrollment data for 1 patients
[2025-08-20 19:00:35,226] [INFO] Patient details fetched successfully for email: prakash@zeoner.com
[2025-08-20 19:00:35,231] [ERROR] Error fetching patient details: Object of type coroutine is not JSON serializable
Traceback (most recent call last):
  File "C:\Users\arunk\OneDrive\Desktop\new_folder\refresh_health\app\routers\patient_route.py", line 24, in patient_details
    return create_success_response(result, "Patient details fetched successfully")
  File "C:\Users\arunk\OneDrive\Desktop\new_folder\refresh_health\app\utils\response_utils.py", line 31, in create_success_response
    return JSONResponse(status_code=status_code, content=content)
  File "C:\Users\arunk\OneDrive\Desktop\new_folder\refresh_health\venv\Lib\site-packages\starlette\responses.py", line 190, in __init__
    super().__init__(content, status_code, headers, media_type, background)
    ~~~~~~~~~~~~~~~~^^^^^^^^^^^^^^^^^^^^^^^^^^^^^^^^^^^^^^^^^^^^^^^^^^^^^^^
  File "C:\Users\arunk\OneDrive\Desktop\new_folder\refresh_health\venv\Lib\site-packages\starlette\responses.py", line 47, in __init__
    self.body = self.render(content)
                ~~~~~~~~~~~^^^^^^^^^
  File "C:\Users\arunk\OneDrive\Desktop\new_folder\refresh_health\venv\Lib\site-packages\starlette\responses.py", line 193, in render
    return json.dumps(
           ~~~~~~~~~~^
        content,
        ^^^^^^^^
    ...<3 lines>...
        separators=(",", ":"),
        ^^^^^^^^^^^^^^^^^^^^^^
    ).encode("utf-8")
    ^
  File "C:\Python313\Lib\json\__init__.py", line 238, in dumps
    **kw).encode(obj)
          ~~~~~~^^^^^
  File "C:\Python313\Lib\json\encoder.py", line 200, in encode
    chunks = self.iterencode(o, _one_shot=True)
  File "C:\Python313\Lib\json\encoder.py", line 261, in iterencode
    return _iterencode(o, 0)
  File "C:\Python313\Lib\json\encoder.py", line 180, in default
    raise TypeError(f'Object of type {o.__class__.__name__} '
                    f'is not JSON serializable')
TypeError: Object of type coroutine is not JSON serializable
[2025-08-20 19:05:10,521] [INFO] Starting token and email verification
[2025-08-20 19:05:10,525] [INFO] Validating ID token
[2025-08-20 19:05:10,526] [INFO] Fetching JWKS from Cognito
[2025-08-20 19:05:11,728] [INFO] Token validated for email: prakash@zeoner.com
[2025-08-20 19:05:11,729] [INFO] Email verified successfully: prakash@zeoner.com
[2025-08-20 19:05:11,734] [INFO] Received patient-details request from email: prakash@zeoner.com
[2025-08-20 19:05:15,392] [INFO] Fetching enrollment for 1 patients in batch
[2025-08-20 19:05:15,955] [INFO] ✅ BATCH: Retrieved enrollment data for 1 patients
[2025-08-20 19:05:17,867] [INFO] Type of result: <class 'dict'>
[2025-08-20 19:05:17,878] [ERROR] Error fetching patient details: Object of type coroutine is not JSON serializable
Traceback (most recent call last):
  File "C:\Users\arunk\OneDrive\Desktop\new_folder\refresh_health\app\routers\patient_route.py", line 24, in patient_details
    return create_success_response(result, "Patient details fetched successfully")
  File "C:\Users\arunk\OneDrive\Desktop\new_folder\refresh_health\app\utils\response_utils.py", line 31, in create_success_response
    return JSONResponse(status_code=status_code, content=content)
  File "C:\Users\arunk\OneDrive\Desktop\new_folder\refresh_health\venv\Lib\site-packages\starlette\responses.py", line 190, in __init__
    super().__init__(content, status_code, headers, media_type, background)
    ~~~~~~~~~~~~~~~~^^^^^^^^^^^^^^^^^^^^^^^^^^^^^^^^^^^^^^^^^^^^^^^^^^^^^^^
  File "C:\Users\arunk\OneDrive\Desktop\new_folder\refresh_health\venv\Lib\site-packages\starlette\responses.py", line 47, in __init__
    self.body = self.render(content)
                ~~~~~~~~~~~^^^^^^^^^
  File "C:\Users\arunk\OneDrive\Desktop\new_folder\refresh_health\venv\Lib\site-packages\starlette\responses.py", line 193, in render
    return json.dumps(
           ~~~~~~~~~~^
        content,
        ^^^^^^^^
    ...<3 lines>...
        separators=(",", ":"),
        ^^^^^^^^^^^^^^^^^^^^^^
    ).encode("utf-8")
    ^
  File "C:\Python313\Lib\json\__init__.py", line 238, in dumps
    **kw).encode(obj)
          ~~~~~~^^^^^
  File "C:\Python313\Lib\json\encoder.py", line 200, in encode
    chunks = self.iterencode(o, _one_shot=True)
  File "C:\Python313\Lib\json\encoder.py", line 261, in iterencode
    return _iterencode(o, 0)
  File "C:\Python313\Lib\json\encoder.py", line 180, in default
    raise TypeError(f'Object of type {o.__class__.__name__} '
                    f'is not JSON serializable')
TypeError: Object of type coroutine is not JSON serializable
[2025-08-20 19:08:46,475] [INFO] Starting token and email verification
[2025-08-20 19:08:46,475] [INFO] Validating ID token
[2025-08-20 19:08:46,476] [INFO] Fetching JWKS from Cognito
[2025-08-20 19:08:47,479] [INFO] Token validated for email: prakash@zeoner.com
[2025-08-20 19:08:47,480] [INFO] Email verified successfully: prakash@zeoner.com
[2025-08-20 19:08:47,482] [INFO] Received patient-details request from email: prakash@zeoner.com
[2025-08-20 19:08:51,152] [INFO] Fetching enrollment for 1 patients in batch
[2025-08-20 19:08:51,762] [INFO] ✅ BATCH: Retrieved enrollment data for 1 patients
[2025-08-20 19:08:53,930] [INFO] Type of result: <class 'dict'>
[2025-08-20 19:08:53,932] [ERROR] Error fetching patient details: Object of type coroutine is not JSON serializable
Traceback (most recent call last):
  File "C:\Users\arunk\OneDrive\Desktop\new_folder\refresh_health\app\routers\patient_route.py", line 24, in patient_details
    return create_success_response(result, "Patient details fetched successfully")
  File "C:\Users\arunk\OneDrive\Desktop\new_folder\refresh_health\app\utils\response_utils.py", line 31, in create_success_response
    return JSONResponse(status_code=status_code, content=content)
  File "C:\Users\arunk\OneDrive\Desktop\new_folder\refresh_health\venv\Lib\site-packages\starlette\responses.py", line 190, in __init__
    super().__init__(content, status_code, headers, media_type, background)
    ~~~~~~~~~~~~~~~~^^^^^^^^^^^^^^^^^^^^^^^^^^^^^^^^^^^^^^^^^^^^^^^^^^^^^^^
  File "C:\Users\arunk\OneDrive\Desktop\new_folder\refresh_health\venv\Lib\site-packages\starlette\responses.py", line 47, in __init__
    self.body = self.render(content)
                ~~~~~~~~~~~^^^^^^^^^
  File "C:\Users\arunk\OneDrive\Desktop\new_folder\refresh_health\venv\Lib\site-packages\starlette\responses.py", line 193, in render
    return json.dumps(
           ~~~~~~~~~~^
        content,
        ^^^^^^^^
    ...<3 lines>...
        separators=(",", ":"),
        ^^^^^^^^^^^^^^^^^^^^^^
    ).encode("utf-8")
    ^
  File "C:\Python313\Lib\json\__init__.py", line 238, in dumps
    **kw).encode(obj)
          ~~~~~~^^^^^
  File "C:\Python313\Lib\json\encoder.py", line 200, in encode
    chunks = self.iterencode(o, _one_shot=True)
  File "C:\Python313\Lib\json\encoder.py", line 261, in iterencode
    return _iterencode(o, 0)
  File "C:\Python313\Lib\json\encoder.py", line 180, in default
    raise TypeError(f'Object of type {o.__class__.__name__} '
                    f'is not JSON serializable')
TypeError: Object of type coroutine is not JSON serializable
[2025-08-20 19:12:25,908] [INFO] Starting token and email verification
[2025-08-20 19:12:25,910] [INFO] Validating ID token
[2025-08-20 19:12:25,911] [INFO] Fetching JWKS from Cognito
[2025-08-20 19:12:26,939] [INFO] Token validated for email: prakash@zeoner.com
[2025-08-20 19:12:26,940] [INFO] Email verified successfully: prakash@zeoner.com
[2025-08-20 19:12:26,941] [INFO] Received patient-details request from email: prakash@zeoner.com
[2025-08-20 19:12:30,391] [INFO] Fetching enrollment for 1 patients in batch
[2025-08-20 19:12:30,963] [INFO] ✅ BATCH: Retrieved enrollment data for 1 patients
[2025-08-20 19:12:33,067] [INFO] {'gender': 1, 'age': 77, 'bp': 1.0, 'hypertension': 0, 'smoking': 1, 'diabetes': 1, 'bmi': 1.6}
[2025-08-20 19:12:33,086] [INFO] Type of result: <class 'dict'>
[2025-08-20 19:33:24,690] [INFO] Starting token and email verification
[2025-08-20 19:33:24,692] [INFO] Validating ID token
[2025-08-20 19:33:24,693] [INFO] Fetching JWKS from Cognito
[2025-08-20 19:33:25,996] [INFO] Token validated for email: prakash@zeoner.com
[2025-08-20 19:33:25,997] [INFO] Email verified successfully: prakash@zeoner.com
[2025-08-20 19:33:26,011] [INFO] Received patient-details request from email: prakash@zeoner.com
